case_id,ground_truth_domain,prefix_depth,observer_id,usage_mode,canonical_run_id,cnl_line_count,predicted_domain,accuracy,domain_entropy,equivalence_compression,question_available,canonical_families,retained_domains
package-routing,package,1,coarse,canonical-cnl,package_routing_p1_coarse,383,package,1,1.255,6,1,RUN;SOURCE;SEGMENT;OBSERVER;BUDGET;CONTEXT;HYPOTHESIS;OBSERVATION;PROVENANCE;HYPOTHESIS_SUPPORT;HYPOTHESIS_CONFIDENCE;AMBIGUITY;THEORY;SCHEMA;MATCHED_STATE;RULE;INVARIANT;COMPOSITION;SUPPORT;THEORY_EVIDENCE;SCORE;TRANSFORM;EQUIVALENCE;CONSEQUENCE;FRONTIER;FRONTIER_MEMBER;DOMAIN_WEIGHT;QUESTION;QUESTION_CLASS;ALIGNMENT,package:0.665;manuscript:0.168;sample:0.168
package-routing,package,1,rich,canonical-cnl,package_routing_p1_rich,383,package,1,1.255,6,1,RUN;SOURCE;SEGMENT;OBSERVER;BUDGET;CONTEXT;HYPOTHESIS;OBSERVATION;PROVENANCE;HYPOTHESIS_SUPPORT;HYPOTHESIS_CONFIDENCE;AMBIGUITY;THEORY;SCHEMA;MATCHED_STATE;RULE;INVARIANT;COMPOSITION;SUPPORT;THEORY_EVIDENCE;SCORE;TRANSFORM;EQUIVALENCE;CONSEQUENCE;FRONTIER;FRONTIER_MEMBER;DOMAIN_WEIGHT;QUESTION;QUESTION_CLASS;ALIGNMENT,package:0.665;manuscript:0.168;sample:0.168
package-routing,package,2,coarse,canonical-cnl,package_routing_p2_coarse,437,package,1,1.239,3,1,RUN;SOURCE;SEGMENT;OBSERVER;BUDGET;CONTEXT;HYPOTHESIS;OBSERVATION;PROVENANCE;HYPOTHESIS_SUPPORT;HYPOTHESIS_CONFIDENCE;AMBIGUITY;THEORY;SCHEMA;MATCHED_STATE;RULE;INVARIANT;COMPOSITION;SUPPORT;THEORY_EVIDENCE;SCORE;TRANSFORM;EQUIVALENCE;CONSEQUENCE;FRONTIER;FRONTIER_MEMBER;DOMAIN_WEIGHT;QUESTION;QUESTION_CLASS;ALIGNMENT,package:0.673;manuscript:0.164;sample:0.164
package-routing,package,2,rich,canonical-cnl,package_routing_p2_rich,387,package,1,0,4,0,RUN;SOURCE;SEGMENT;OBSERVER;BUDGET;CONTEXT;HYPOTHESIS;OBSERVATION;PROVENANCE;HYPOTHESIS_SUPPORT;HYPOTHESIS_CONFIDENCE;AMBIGUITY;THEORY;SCHEMA;MATCHED_STATE;RULE;INVARIANT;COMPOSITION;SUPPORT;THEORY_EVIDENCE;SCORE;TRANSFORM;EQUIVALENCE;CONSEQUENCE;FRONTIER;FRONTIER_MEMBER;DOMAIN_WEIGHT;ALIGNMENT,package:1
package-routing,package,3,coarse,canonical-cnl,package_routing_p3_coarse,408,package,1,0,4,0,RUN;SOURCE;SEGMENT;OBSERVER;BUDGET;CONTEXT;HYPOTHESIS;OBSERVATION;PROVENANCE;HYPOTHESIS_SUPPORT;HYPOTHESIS_CONFIDENCE;AMBIGUITY;THEORY;SCHEMA;MATCHED_STATE;RULE;INVARIANT;COMPOSITION;SUPPORT;THEORY_EVIDENCE;SCORE;TRANSFORM;EQUIVALENCE;CONSEQUENCE;FRONTIER;FRONTIER_MEMBER;DOMAIN_WEIGHT;ALIGNMENT,package:1
package-routing,package,3,rich,canonical-cnl,package_routing_p3_rich,416,package,1,0,4,0,RUN;SOURCE;SEGMENT;OBSERVER;BUDGET;CONTEXT;HYPOTHESIS;OBSERVATION;PROVENANCE;HYPOTHESIS_SUPPORT;HYPOTHESIS_CONFIDENCE;AMBIGUITY;THEORY;SCHEMA;MATCHED_STATE;RULE;INVARIANT;COMPOSITION;SUPPORT;THEORY_EVIDENCE;SCORE;TRANSFORM;EQUIVALENCE;CONSEQUENCE;FRONTIER;FRONTIER_MEMBER;DOMAIN_WEIGHT;ALIGNMENT,package:1
package-routing,package,4,coarse,canonical-cnl,package_routing_p4_coarse,441,package,1,0,4,0,RUN;SOURCE;SEGMENT;OBSERVER;BUDGET;CONTEXT;HYPOTHESIS;OBSERVATION;PROVENANCE;HYPOTHESIS_SUPPORT;HYPOTHESIS_CONFIDENCE;AMBIGUITY;THEORY;SCHEMA;MATCHED_STATE;RULE;INVARIANT;COMPOSITION;SUPPORT;THEORY_EVIDENCE;SCORE;TRANSFORM;EQUIVALENCE;CONSEQUENCE;FRONTIER;FRONTIER_MEMBER;DOMAIN_WEIGHT;ALIGNMENT,package:1
package-routing,package,4,rich,canonical-cnl,package_routing_p4_rich,449,package,1,0,4,0,RUN;SOURCE;SEGMENT;OBSERVER;BUDGET;CONTEXT;HYPOTHESIS;OBSERVATION;PROVENANCE;HYPOTHESIS_SUPPORT;HYPOTHESIS_CONFIDENCE;AMBIGUITY;THEORY;SCHEMA;MATCHED_STATE;RULE;INVARIANT;COMPOSITION;SUPPORT;THEORY_EVIDENCE;SCORE;TRANSFORM;EQUIVALENCE;CONSEQUENCE;FRONTIER;FRONTIER_MEMBER;DOMAIN_WEIGHT;ALIGNMENT,package:1
package-generic,package,1,coarse,canonical-cnl,package_generic_p1_coarse,383,package,1,1.255,6,1,RUN;SOURCE;SEGMENT;OBSERVER;BUDGET;CONTEXT;HYPOTHESIS;OBSERVATION;PROVENANCE;HYPOTHESIS_SUPPORT;HYPOTHESIS_CONFIDENCE;AMBIGUITY;THEORY;SCHEMA;MATCHED_STATE;RULE;INVARIANT;COMPOSITION;SUPPORT;THEORY_EVIDENCE;SCORE;TRANSFORM;EQUIVALENCE;CONSEQUENCE;FRONTIER;FRONTIER_MEMBER;DOMAIN_WEIGHT;QUESTION;QUESTION_CLASS;ALIGNMENT,package:0.665;manuscript:0.168;sample:0.168
package-generic,package,1,rich,canonical-cnl,package_generic_p1_rich,383,package,1,1.255,6,1,RUN;SOURCE;SEGMENT;OBSERVER;BUDGET;CONTEXT;HYPOTHESIS;OBSERVATION;PROVENANCE;HYPOTHESIS_SUPPORT;HYPOTHESIS_CONFIDENCE;AMBIGUITY;THEORY;SCHEMA;MATCHED_STATE;RULE;INVARIANT;COMPOSITION;SUPPORT;THEORY_EVIDENCE;SCORE;TRANSFORM;EQUIVALENCE;CONSEQUENCE;FRONTIER;FRONTIER_MEMBER;DOMAIN_WEIGHT;QUESTION;QUESTION_CLASS;ALIGNMENT,package:0.665;manuscript:0.168;sample:0.168
package-generic,package,2,coarse,canonical-cnl,package_generic_p2_coarse,417,package,1,1.239,3,1,RUN;SOURCE;SEGMENT;OBSERVER;BUDGET;CONTEXT;HYPOTHESIS;OBSERVATION;PROVENANCE;HYPOTHESIS_SUPPORT;HYPOTHESIS_CONFIDENCE;AMBIGUITY;THEORY;SCHEMA;MATCHED_STATE;RULE;INVARIANT;COMPOSITION;SUPPORT;THEORY_EVIDENCE;SCORE;TRANSFORM;EQUIVALENCE;CONSEQUENCE;FRONTIER;FRONTIER_MEMBER;DOMAIN_WEIGHT;QUESTION;QUESTION_CLASS;ALIGNMENT,package:0.673;manuscript:0.164;sample:0.164
package-generic,package,2,rich,canonical-cnl,package_generic_p2_rich,417,package,1,1.239,3,1,RUN;SOURCE;SEGMENT;OBSERVER;BUDGET;CONTEXT;HYPOTHESIS;OBSERVATION;PROVENANCE;HYPOTHESIS_SUPPORT;HYPOTHESIS_CONFIDENCE;AMBIGUITY;THEORY;SCHEMA;MATCHED_STATE;RULE;INVARIANT;COMPOSITION;SUPPORT;THEORY_EVIDENCE;SCORE;TRANSFORM;EQUIVALENCE;CONSEQUENCE;FRONTIER;FRONTIER_MEMBER;DOMAIN_WEIGHT;QUESTION;QUESTION_CLASS;ALIGNMENT,package:0.673;manuscript:0.164;sample:0.164
package-generic,package,3,coarse,canonical-cnl,package_generic_p3_coarse,418,package,1,1.239,3,1,RUN;SOURCE;SEGMENT;OBSERVER;BUDGET;CONTEXT;HYPOTHESIS;OBSERVATION;PROVENANCE;HYPOTHESIS_SUPPORT;HYPOTHESIS_CONFIDENCE;AMBIGUITY;THEORY;SCHEMA;MATCHED_STATE;RULE;INVARIANT;COMPOSITION;SUPPORT;THEORY_EVIDENCE;SCORE;TRANSFORM;EQUIVALENCE;CONSEQUENCE;FRONTIER;FRONTIER_MEMBER;DOMAIN_WEIGHT;QUESTION;QUESTION_CLASS;ALIGNMENT,package:0.673;manuscript:0.164;sample:0.164
package-generic,package,3,rich,canonical-cnl,package_generic_p3_rich,418,package,1,1.239,3,1,RUN;SOURCE;SEGMENT;OBSERVER;BUDGET;CONTEXT;HYPOTHESIS;OBSERVATION;PROVENANCE;HYPOTHESIS_SUPPORT;HYPOTHESIS_CONFIDENCE;AMBIGUITY;THEORY;SCHEMA;MATCHED_STATE;RULE;INVARIANT;COMPOSITION;SUPPORT;THEORY_EVIDENCE;SCORE;TRANSFORM;EQUIVALENCE;CONSEQUENCE;FRONTIER;FRONTIER_MEMBER;DOMAIN_WEIGHT;QUESTION;QUESTION_CLASS;ALIGNMENT,package:0.673;manuscript:0.164;sample:0.164
package-generic,package,4,coarse,canonical-cnl,package_generic_p4_coarse,409,package,1,0,4,0,RUN;SOURCE;SEGMENT;OBSERVER;BUDGET;CONTEXT;HYPOTHESIS;OBSERVATION;PROVENANCE;HYPOTHESIS_SUPPORT;HYPOTHESIS_CONFIDENCE;AMBIGUITY;THEORY;SCHEMA;MATCHED_STATE;RULE;INVARIANT;COMPOSITION;SUPPORT;THEORY_EVIDENCE;SCORE;TRANSFORM;EQUIVALENCE;CONSEQUENCE;FRONTIER;FRONTIER_MEMBER;DOMAIN_WEIGHT;ALIGNMENT,package:1
package-generic,package,4,rich,canonical-cnl,package_generic_p4_rich,409,package,1,0,4,0,RUN;SOURCE;SEGMENT;OBSERVER;BUDGET;CONTEXT;HYPOTHESIS;OBSERVATION;PROVENANCE;HYPOTHESIS_SUPPORT;HYPOTHESIS_CONFIDENCE;AMBIGUITY;THEORY;SCHEMA;MATCHED_STATE;RULE;INVARIANT;COMPOSITION;SUPPORT;THEORY_EVIDENCE;SCORE;TRANSFORM;EQUIVALENCE;CONSEQUENCE;FRONTIER;FRONTIER_MEMBER;DOMAIN_WEIGHT;ALIGNMENT,package:1
package-barcode,package,1,coarse,canonical-cnl,package_barcode_p1_coarse,383,package,1,1.255,6,1,RUN;SOURCE;SEGMENT;OBSERVER;BUDGET;CONTEXT;HYPOTHESIS;OBSERVATION;PROVENANCE;HYPOTHESIS_SUPPORT;HYPOTHESIS_CONFIDENCE;AMBIGUITY;THEORY;SCHEMA;MATCHED_STATE;RULE;INVARIANT;COMPOSITION;SUPPORT;THEORY_EVIDENCE;SCORE;TRANSFORM;EQUIVALENCE;CONSEQUENCE;FRONTIER;FRONTIER_MEMBER;DOMAIN_WEIGHT;QUESTION;QUESTION_CLASS;ALIGNMENT,package:0.665;manuscript:0.168;sample:0.168
package-barcode,package,1,rich,canonical-cnl,package_barcode_p1_rich,383,package,1,1.255,6,1,RUN;SOURCE;SEGMENT;OBSERVER;BUDGET;CONTEXT;HYPOTHESIS;OBSERVATION;PROVENANCE;HYPOTHESIS_SUPPORT;HYPOTHESIS_CONFIDENCE;AMBIGUITY;THEORY;SCHEMA;MATCHED_STATE;RULE;INVARIANT;COMPOSITION;SUPPORT;THEORY_EVIDENCE;SCORE;TRANSFORM;EQUIVALENCE;CONSEQUENCE;FRONTIER;FRONTIER_MEMBER;DOMAIN_WEIGHT;QUESTION;QUESTION_CLASS;ALIGNMENT,package:0.665;manuscript:0.168;sample:0.168
package-barcode,package,2,coarse,canonical-cnl,package_barcode_p2_coarse,404,package,1,1.255,6,1,RUN;SOURCE;SEGMENT;OBSERVER;BUDGET;CONTEXT;HYPOTHESIS;OBSERVATION;PROVENANCE;HYPOTHESIS_SUPPORT;HYPOTHESIS_CONFIDENCE;AMBIGUITY;THEORY;SCHEMA;MATCHED_STATE;RULE;INVARIANT;COMPOSITION;SUPPORT;THEORY_EVIDENCE;SCORE;TRANSFORM;EQUIVALENCE;CONSEQUENCE;FRONTIER;FRONTIER_MEMBER;DOMAIN_WEIGHT;QUESTION;QUESTION_CLASS;ALIGNMENT,package:0.665;manuscript:0.168;sample:0.168
package-barcode,package,2,rich,canonical-cnl,package_barcode_p2_rich,375,package,1,0,4,0,RUN;SOURCE;SEGMENT;OBSERVER;BUDGET;CONTEXT;HYPOTHESIS;OBSERVATION;PROVENANCE;HYPOTHESIS_SUPPORT;HYPOTHESIS_CONFIDENCE;AMBIGUITY;THEORY;SCHEMA;MATCHED_STATE;RULE;INVARIANT;COMPOSITION;SUPPORT;THEORY_EVIDENCE;SCORE;TRANSFORM;EQUIVALENCE;CONSEQUENCE;FRONTIER;FRONTIER_MEMBER;DOMAIN_WEIGHT;ALIGNMENT,package:1
package-barcode,package,3,coarse,canonical-cnl,package_barcode_p3_coarse,380,package,1,0,4,0,RUN;SOURCE;SEGMENT;OBSERVER;BUDGET;CONTEXT;HYPOTHESIS;OBSERVATION;PROVENANCE;HYPOTHESIS_SUPPORT;HYPOTHESIS_CONFIDENCE;AMBIGUITY;THEORY;SCHEMA;MATCHED_STATE;RULE;INVARIANT;COMPOSITION;SUPPORT;THEORY_EVIDENCE;SCORE;TRANSFORM;EQUIVALENCE;CONSEQUENCE;FRONTIER;FRONTIER_MEMBER;DOMAIN_WEIGHT;ALIGNMENT,package:1
package-barcode,package,3,rich,canonical-cnl,package_barcode_p3_rich,392,package,1,0,4,0,RUN;SOURCE;SEGMENT;OBSERVER;BUDGET;CONTEXT;HYPOTHESIS;OBSERVATION;PROVENANCE;HYPOTHESIS_SUPPORT;HYPOTHESIS_CONFIDENCE;AMBIGUITY;THEORY;SCHEMA;MATCHED_STATE;RULE;INVARIANT;COMPOSITION;SUPPORT;THEORY_EVIDENCE;SCORE;TRANSFORM;EQUIVALENCE;CONSEQUENCE;FRONTIER;FRONTIER_MEMBER;DOMAIN_WEIGHT;ALIGNMENT,package:1
package-barcode,package,4,coarse,canonical-cnl,package_barcode_p4_coarse,413,package,1,0,4,0,RUN;SOURCE;SEGMENT;OBSERVER;BUDGET;CONTEXT;HYPOTHESIS;OBSERVATION;PROVENANCE;HYPOTHESIS_SUPPORT;HYPOTHESIS_CONFIDENCE;AMBIGUITY;THEORY;SCHEMA;MATCHED_STATE;RULE;INVARIANT;COMPOSITION;SUPPORT;THEORY_EVIDENCE;SCORE;TRANSFORM;EQUIVALENCE;CONSEQUENCE;FRONTIER;FRONTIER_MEMBER;DOMAIN_WEIGHT;ALIGNMENT,package:1
package-barcode,package,4,rich,canonical-cnl,package_barcode_p4_rich,425,package,1,0,4,0,RUN;SOURCE;SEGMENT;OBSERVER;BUDGET;CONTEXT;HYPOTHESIS;OBSERVATION;PROVENANCE;HYPOTHESIS_SUPPORT;HYPOTHESIS_CONFIDENCE;AMBIGUITY;THEORY;SCHEMA;MATCHED_STATE;RULE;INVARIANT;COMPOSITION;SUPPORT;THEORY_EVIDENCE;SCORE;TRANSFORM;EQUIVALENCE;CONSEQUENCE;FRONTIER;FRONTIER_MEMBER;DOMAIN_WEIGHT;ALIGNMENT,package:1
package-manifest,package,1,coarse,canonical-cnl,package_manifest_p1_coarse,383,package,1,1.255,6,1,RUN;SOURCE;SEGMENT;OBSERVER;BUDGET;CONTEXT;HYPOTHESIS;OBSERVATION;PROVENANCE;HYPOTHESIS_SUPPORT;HYPOTHESIS_CONFIDENCE;AMBIGUITY;THEORY;SCHEMA;MATCHED_STATE;RULE;INVARIANT;COMPOSITION;SUPPORT;THEORY_EVIDENCE;SCORE;TRANSFORM;EQUIVALENCE;CONSEQUENCE;FRONTIER;FRONTIER_MEMBER;DOMAIN_WEIGHT;QUESTION;QUESTION_CLASS;ALIGNMENT,package:0.665;manuscript:0.168;sample:0.168
package-manifest,package,1,rich,canonical-cnl,package_manifest_p1_rich,383,package,1,1.255,6,1,RUN;SOURCE;SEGMENT;OBSERVER;BUDGET;CONTEXT;HYPOTHESIS;OBSERVATION;PROVENANCE;HYPOTHESIS_SUPPORT;HYPOTHESIS_CONFIDENCE;AMBIGUITY;THEORY;SCHEMA;MATCHED_STATE;RULE;INVARIANT;COMPOSITION;SUPPORT;THEORY_EVIDENCE;SCORE;TRANSFORM;EQUIVALENCE;CONSEQUENCE;FRONTIER;FRONTIER_MEMBER;DOMAIN_WEIGHT;QUESTION;QUESTION_CLASS;ALIGNMENT,package:0.665;manuscript:0.168;sample:0.168
package-manifest,package,2,coarse,canonical-cnl,package_manifest_p2_coarse,384,package,1,1.255,6,1,RUN;SOURCE;SEGMENT;OBSERVER;BUDGET;CONTEXT;HYPOTHESIS;OBSERVATION;PROVENANCE;HYPOTHESIS_SUPPORT;HYPOTHESIS_CONFIDENCE;AMBIGUITY;THEORY;SCHEMA;MATCHED_STATE;RULE;INVARIANT;COMPOSITION;SUPPORT;THEORY_EVIDENCE;SCORE;TRANSFORM;EQUIVALENCE;CONSEQUENCE;FRONTIER;FRONTIER_MEMBER;DOMAIN_WEIGHT;QUESTION;QUESTION_CLASS;ALIGNMENT,package:0.665;manuscript:0.168;sample:0.168
package-manifest,package,2,rich,canonical-cnl,package_manifest_p2_rich,359,package,1,0,4,0,RUN;SOURCE;SEGMENT;OBSERVER;BUDGET;CONTEXT;HYPOTHESIS;OBSERVATION;PROVENANCE;HYPOTHESIS_SUPPORT;HYPOTHESIS_CONFIDENCE;AMBIGUITY;THEORY;SCHEMA;MATCHED_STATE;RULE;INVARIANT;COMPOSITION;SUPPORT;THEORY_EVIDENCE;SCORE;TRANSFORM;EQUIVALENCE;CONSEQUENCE;FRONTIER;FRONTIER_MEMBER;DOMAIN_WEIGHT;ALIGNMENT,package:1
package-manifest,package,3,coarse,canonical-cnl,package_manifest_p3_coarse,384,package,1,0,4,0,RUN;SOURCE;SEGMENT;OBSERVER;BUDGET;CONTEXT;HYPOTHESIS;OBSERVATION;PROVENANCE;HYPOTHESIS_SUPPORT;HYPOTHESIS_CONFIDENCE;AMBIGUITY;THEORY;SCHEMA;MATCHED_STATE;RULE;INVARIANT;COMPOSITION;SUPPORT;THEORY_EVIDENCE;SCORE;TRANSFORM;EQUIVALENCE;CONSEQUENCE;FRONTIER;FRONTIER_MEMBER;DOMAIN_WEIGHT;ALIGNMENT,package:1
package-manifest,package,3,rich,canonical-cnl,package_manifest_p3_rich,396,package,1,0,4,0,RUN;SOURCE;SEGMENT;OBSERVER;BUDGET;CONTEXT;HYPOTHESIS;OBSERVATION;PROVENANCE;HYPOTHESIS_SUPPORT;HYPOTHESIS_CONFIDENCE;AMBIGUITY;THEORY;SCHEMA;MATCHED_STATE;RULE;INVARIANT;COMPOSITION;SUPPORT;THEORY_EVIDENCE;SCORE;TRANSFORM;EQUIVALENCE;CONSEQUENCE;FRONTIER;FRONTIER_MEMBER;DOMAIN_WEIGHT;ALIGNMENT,package:1
package-manifest,package,4,coarse,canonical-cnl,package_manifest_p4_coarse,405,package,1,0,4,0,RUN;SOURCE;SEGMENT;OBSERVER;BUDGET;CONTEXT;HYPOTHESIS;OBSERVATION;PROVENANCE;HYPOTHESIS_SUPPORT;HYPOTHESIS_CONFIDENCE;AMBIGUITY;THEORY;SCHEMA;MATCHED_STATE;RULE;INVARIANT;COMPOSITION;SUPPORT;THEORY_EVIDENCE;SCORE;TRANSFORM;EQUIVALENCE;CONSEQUENCE;FRONTIER;FRONTIER_MEMBER;DOMAIN_WEIGHT;ALIGNMENT,package:1
package-manifest,package,4,rich,canonical-cnl,package_manifest_p4_rich,417,package,1,0,4,0,RUN;SOURCE;SEGMENT;OBSERVER;BUDGET;CONTEXT;HYPOTHESIS;OBSERVATION;PROVENANCE;HYPOTHESIS_SUPPORT;HYPOTHESIS_CONFIDENCE;AMBIGUITY;THEORY;SCHEMA;MATCHED_STATE;RULE;INVARIANT;COMPOSITION;SUPPORT;THEORY_EVIDENCE;SCORE;TRANSFORM;EQUIVALENCE;CONSEQUENCE;FRONTIER;FRONTIER_MEMBER;DOMAIN_WEIGHT;ALIGNMENT,package:1
package-return,package,1,coarse,canonical-cnl,package_return_p1_coarse,383,package,1,1.255,6,1,RUN;SOURCE;SEGMENT;OBSERVER;BUDGET;CONTEXT;HYPOTHESIS;OBSERVATION;PROVENANCE;HYPOTHESIS_SUPPORT;HYPOTHESIS_CONFIDENCE;AMBIGUITY;THEORY;SCHEMA;MATCHED_STATE;RULE;INVARIANT;COMPOSITION;SUPPORT;THEORY_EVIDENCE;SCORE;TRANSFORM;EQUIVALENCE;CONSEQUENCE;FRONTIER;FRONTIER_MEMBER;DOMAIN_WEIGHT;QUESTION;QUESTION_CLASS;ALIGNMENT,package:0.665;manuscript:0.168;sample:0.168
package-return,package,1,rich,canonical-cnl,package_return_p1_rich,383,package,1,1.255,6,1,RUN;SOURCE;SEGMENT;OBSERVER;BUDGET;CONTEXT;HYPOTHESIS;OBSERVATION;PROVENANCE;HYPOTHESIS_SUPPORT;HYPOTHESIS_CONFIDENCE;AMBIGUITY;THEORY;SCHEMA;MATCHED_STATE;RULE;INVARIANT;COMPOSITION;SUPPORT;THEORY_EVIDENCE;SCORE;TRANSFORM;EQUIVALENCE;CONSEQUENCE;FRONTIER;FRONTIER_MEMBER;DOMAIN_WEIGHT;QUESTION;QUESTION_CLASS;ALIGNMENT,package:0.665;manuscript:0.168;sample:0.168
package-return,package,2,coarse,canonical-cnl,package_return_p2_coarse,437,package,1,1.239,3,1,RUN;SOURCE;SEGMENT;OBSERVER;BUDGET;CONTEXT;HYPOTHESIS;OBSERVATION;PROVENANCE;HYPOTHESIS_SUPPORT;HYPOTHESIS_CONFIDENCE;AMBIGUITY;THEORY;SCHEMA;MATCHED_STATE;RULE;INVARIANT;COMPOSITION;SUPPORT;THEORY_EVIDENCE;SCORE;TRANSFORM;EQUIVALENCE;CONSEQUENCE;FRONTIER;FRONTIER_MEMBER;DOMAIN_WEIGHT;QUESTION;QUESTION_CLASS;ALIGNMENT,package:0.673;manuscript:0.164;sample:0.164
package-return,package,2,rich,canonical-cnl,package_return_p2_rich,387,package,1,0,4,0,RUN;SOURCE;SEGMENT;OBSERVER;BUDGET;CONTEXT;HYPOTHESIS;OBSERVATION;PROVENANCE;HYPOTHESIS_SUPPORT;HYPOTHESIS_CONFIDENCE;AMBIGUITY;THEORY;SCHEMA;MATCHED_STATE;RULE;INVARIANT;COMPOSITION;SUPPORT;THEORY_EVIDENCE;SCORE;TRANSFORM;EQUIVALENCE;CONSEQUENCE;FRONTIER;FRONTIER_MEMBER;DOMAIN_WEIGHT;ALIGNMENT,package:1
package-return,package,3,coarse,canonical-cnl,package_return_p3_coarse,408,package,1,0,4,0,RUN;SOURCE;SEGMENT;OBSERVER;BUDGET;CONTEXT;HYPOTHESIS;OBSERVATION;PROVENANCE;HYPOTHESIS_SUPPORT;HYPOTHESIS_CONFIDENCE;AMBIGUITY;THEORY;SCHEMA;MATCHED_STATE;RULE;INVARIANT;COMPOSITION;SUPPORT;THEORY_EVIDENCE;SCORE;TRANSFORM;EQUIVALENCE;CONSEQUENCE;FRONTIER;FRONTIER_MEMBER;DOMAIN_WEIGHT;ALIGNMENT,package:1
package-return,package,3,rich,canonical-cnl,package_return_p3_rich,416,package,1,0,4,0,RUN;SOURCE;SEGMENT;OBSERVER;BUDGET;CONTEXT;HYPOTHESIS;OBSERVATION;PROVENANCE;HYPOTHESIS_SUPPORT;HYPOTHESIS_CONFIDENCE;AMBIGUITY;THEORY;SCHEMA;MATCHED_STATE;RULE;INVARIANT;COMPOSITION;SUPPORT;THEORY_EVIDENCE;SCORE;TRANSFORM;EQUIVALENCE;CONSEQUENCE;FRONTIER;FRONTIER_MEMBER;DOMAIN_WEIGHT;ALIGNMENT,package:1
package-return,package,4,coarse,canonical-cnl,package_return_p4_coarse,441,package,1,0,4,0,RUN;SOURCE;SEGMENT;OBSERVER;BUDGET;CONTEXT;HYPOTHESIS;OBSERVATION;PROVENANCE;HYPOTHESIS_SUPPORT;HYPOTHESIS_CONFIDENCE;AMBIGUITY;THEORY;SCHEMA;MATCHED_STATE;RULE;INVARIANT;COMPOSITION;SUPPORT;THEORY_EVIDENCE;SCORE;TRANSFORM;EQUIVALENCE;CONSEQUENCE;FRONTIER;FRONTIER_MEMBER;DOMAIN_WEIGHT;ALIGNMENT,package:1
package-return,package,4,rich,canonical-cnl,package_return_p4_rich,449,package,1,0,4,0,RUN;SOURCE;SEGMENT;OBSERVER;BUDGET;CONTEXT;HYPOTHESIS;OBSERVATION;PROVENANCE;HYPOTHESIS_SUPPORT;HYPOTHESIS_CONFIDENCE;AMBIGUITY;THEORY;SCHEMA;MATCHED_STATE;RULE;INVARIANT;COMPOSITION;SUPPORT;THEORY_EVIDENCE;SCORE;TRANSFORM;EQUIVALENCE;CONSEQUENCE;FRONTIER;FRONTIER_MEMBER;DOMAIN_WEIGHT;ALIGNMENT,package:1
package-transfer,package,1,coarse,canonical-cnl,package_transfer_p1_coarse,383,package,1,1.255,6,1,RUN;SOURCE;SEGMENT;OBSERVER;BUDGET;CONTEXT;HYPOTHESIS;OBSERVATION;PROVENANCE;HYPOTHESIS_SUPPORT;HYPOTHESIS_CONFIDENCE;AMBIGUITY;THEORY;SCHEMA;MATCHED_STATE;RULE;INVARIANT;COMPOSITION;SUPPORT;THEORY_EVIDENCE;SCORE;TRANSFORM;EQUIVALENCE;CONSEQUENCE;FRONTIER;FRONTIER_MEMBER;DOMAIN_WEIGHT;QUESTION;QUESTION_CLASS;ALIGNMENT,package:0.665;manuscript:0.168;sample:0.168
package-transfer,package,1,rich,canonical-cnl,package_transfer_p1_rich,383,package,1,1.255,6,1,RUN;SOURCE;SEGMENT;OBSERVER;BUDGET;CONTEXT;HYPOTHESIS;OBSERVATION;PROVENANCE;HYPOTHESIS_SUPPORT;HYPOTHESIS_CONFIDENCE;AMBIGUITY;THEORY;SCHEMA;MATCHED_STATE;RULE;INVARIANT;COMPOSITION;SUPPORT;THEORY_EVIDENCE;SCORE;TRANSFORM;EQUIVALENCE;CONSEQUENCE;FRONTIER;FRONTIER_MEMBER;DOMAIN_WEIGHT;QUESTION;QUESTION_CLASS;ALIGNMENT,package:0.665;manuscript:0.168;sample:0.168
package-transfer,package,2,coarse,canonical-cnl,package_transfer_p2_coarse,417,package,1,1.239,3,1,RUN;SOURCE;SEGMENT;OBSERVER;BUDGET;CONTEXT;HYPOTHESIS;OBSERVATION;PROVENANCE;HYPOTHESIS_SUPPORT;HYPOTHESIS_CONFIDENCE;AMBIGUITY;THEORY;SCHEMA;MATCHED_STATE;RULE;INVARIANT;COMPOSITION;SUPPORT;THEORY_EVIDENCE;SCORE;TRANSFORM;EQUIVALENCE;CONSEQUENCE;FRONTIER;FRONTIER_MEMBER;DOMAIN_WEIGHT;QUESTION;QUESTION_CLASS;ALIGNMENT,package:0.673;manuscript:0.164;sample:0.164
package-transfer,package,2,rich,canonical-cnl,package_transfer_p2_rich,417,package,1,1.239,3,1,RUN;SOURCE;SEGMENT;OBSERVER;BUDGET;CONTEXT;HYPOTHESIS;OBSERVATION;PROVENANCE;HYPOTHESIS_SUPPORT;HYPOTHESIS_CONFIDENCE;AMBIGUITY;THEORY;SCHEMA;MATCHED_STATE;RULE;INVARIANT;COMPOSITION;SUPPORT;THEORY_EVIDENCE;SCORE;TRANSFORM;EQUIVALENCE;CONSEQUENCE;FRONTIER;FRONTIER_MEMBER;DOMAIN_WEIGHT;QUESTION;QUESTION_CLASS;ALIGNMENT,package:0.673;manuscript:0.164;sample:0.164
package-transfer,package,3,coarse,canonical-cnl,package_transfer_p3_coarse,384,package,1,0,4,0,RUN;SOURCE;SEGMENT;OBSERVER;BUDGET;CONTEXT;HYPOTHESIS;OBSERVATION;PROVENANCE;HYPOTHESIS_SUPPORT;HYPOTHESIS_CONFIDENCE;AMBIGUITY;THEORY;SCHEMA;MATCHED_STATE;RULE;INVARIANT;COMPOSITION;SUPPORT;THEORY_EVIDENCE;SCORE;TRANSFORM;EQUIVALENCE;CONSEQUENCE;FRONTIER;FRONTIER_MEMBER;DOMAIN_WEIGHT;ALIGNMENT,package:1
package-transfer,package,3,rich,canonical-cnl,package_transfer_p3_rich,392,package,1,0,4,0,RUN;SOURCE;SEGMENT;OBSERVER;BUDGET;CONTEXT;HYPOTHESIS;OBSERVATION;PROVENANCE;HYPOTHESIS_SUPPORT;HYPOTHESIS_CONFIDENCE;AMBIGUITY;THEORY;SCHEMA;MATCHED_STATE;RULE;INVARIANT;COMPOSITION;SUPPORT;THEORY_EVIDENCE;SCORE;TRANSFORM;EQUIVALENCE;CONSEQUENCE;FRONTIER;FRONTIER_MEMBER;DOMAIN_WEIGHT;ALIGNMENT,package:1
package-transfer,package,4,coarse,canonical-cnl,package_transfer_p4_coarse,417,package,1,0,4,0,RUN;SOURCE;SEGMENT;OBSERVER;BUDGET;CONTEXT;HYPOTHESIS;OBSERVATION;PROVENANCE;HYPOTHESIS_SUPPORT;HYPOTHESIS_CONFIDENCE;AMBIGUITY;THEORY;SCHEMA;MATCHED_STATE;RULE;INVARIANT;COMPOSITION;SUPPORT;THEORY_EVIDENCE;SCORE;TRANSFORM;EQUIVALENCE;CONSEQUENCE;FRONTIER;FRONTIER_MEMBER;DOMAIN_WEIGHT;ALIGNMENT,package:1
package-transfer,package,4,rich,canonical-cnl,package_transfer_p4_rich,425,package,1,0,4,0,RUN;SOURCE;SEGMENT;OBSERVER;BUDGET;CONTEXT;HYPOTHESIS;OBSERVATION;PROVENANCE;HYPOTHESIS_SUPPORT;HYPOTHESIS_CONFIDENCE;AMBIGUITY;THEORY;SCHEMA;MATCHED_STATE;RULE;INVARIANT;COMPOSITION;SUPPORT;THEORY_EVIDENCE;SCORE;TRANSFORM;EQUIVALENCE;CONSEQUENCE;FRONTIER;FRONTIER_MEMBER;DOMAIN_WEIGHT;ALIGNMENT,package:1
sample-identified,sample,1,coarse,canonical-cnl,sample_identified_p1_coarse,383,package,0,1.255,6,1,RUN;SOURCE;SEGMENT;OBSERVER;BUDGET;CONTEXT;HYPOTHESIS;OBSERVATION;PROVENANCE;HYPOTHESIS_SUPPORT;HYPOTHESIS_CONFIDENCE;AMBIGUITY;THEORY;SCHEMA;MATCHED_STATE;RULE;INVARIANT;COMPOSITION;SUPPORT;THEORY_EVIDENCE;SCORE;TRANSFORM;EQUIVALENCE;CONSEQUENCE;FRONTIER;FRONTIER_MEMBER;DOMAIN_WEIGHT;QUESTION;QUESTION_CLASS;ALIGNMENT,package:0.665;manuscript:0.168;sample:0.168
sample-identified,sample,1,rich,canonical-cnl,sample_identified_p1_rich,383,package,0,1.255,6,1,RUN;SOURCE;SEGMENT;OBSERVER;BUDGET;CONTEXT;HYPOTHESIS;OBSERVATION;PROVENANCE;HYPOTHESIS_SUPPORT;HYPOTHESIS_CONFIDENCE;AMBIGUITY;THEORY;SCHEMA;MATCHED_STATE;RULE;INVARIANT;COMPOSITION;SUPPORT;THEORY_EVIDENCE;SCORE;TRANSFORM;EQUIVALENCE;CONSEQUENCE;FRONTIER;FRONTIER_MEMBER;DOMAIN_WEIGHT;QUESTION;QUESTION_CLASS;ALIGNMENT,package:0.665;manuscript:0.168;sample:0.168
sample-identified,sample,2,coarse,canonical-cnl,sample_identified_p2_coarse,437,package,0,1.239,3,1,RUN;SOURCE;SEGMENT;OBSERVER;BUDGET;CONTEXT;HYPOTHESIS;OBSERVATION;PROVENANCE;HYPOTHESIS_SUPPORT;HYPOTHESIS_CONFIDENCE;AMBIGUITY;THEORY;SCHEMA;MATCHED_STATE;RULE;INVARIANT;COMPOSITION;SUPPORT;THEORY_EVIDENCE;SCORE;TRANSFORM;EQUIVALENCE;CONSEQUENCE;FRONTIER;FRONTIER_MEMBER;DOMAIN_WEIGHT;QUESTION;QUESTION_CLASS;ALIGNMENT,package:0.673;manuscript:0.164;sample:0.164
sample-identified,sample,2,rich,canonical-cnl,sample_identified_p2_rich,399,sample,1,0,4,0,RUN;SOURCE;SEGMENT;OBSERVER;BUDGET;CONTEXT;HYPOTHESIS;OBSERVATION;PROVENANCE;HYPOTHESIS_SUPPORT;HYPOTHESIS_CONFIDENCE;AMBIGUITY;THEORY;SCHEMA;MATCHED_STATE;RULE;INVARIANT;COMPOSITION;SUPPORT;THEORY_EVIDENCE;SCORE;TRANSFORM;EQUIVALENCE;CONSEQUENCE;FRONTIER;FRONTIER_MEMBER;DOMAIN_WEIGHT;ALIGNMENT,sample:1
sample-identified,sample,3,coarse,canonical-cnl,sample_identified_p3_coarse,412,sample,1,0,4,0,RUN;SOURCE;SEGMENT;OBSERVER;BUDGET;CONTEXT;HYPOTHESIS;OBSERVATION;PROVENANCE;HYPOTHESIS_SUPPORT;HYPOTHESIS_CONFIDENCE;AMBIGUITY;THEORY;SCHEMA;MATCHED_STATE;RULE;INVARIANT;COMPOSITION;SUPPORT;THEORY_EVIDENCE;SCORE;TRANSFORM;EQUIVALENCE;CONSEQUENCE;FRONTIER;FRONTIER_MEMBER;DOMAIN_WEIGHT;ALIGNMENT,sample:1
sample-identified,sample,3,rich,canonical-cnl,sample_identified_p3_rich,420,sample,1,0,4,0,RUN;SOURCE;SEGMENT;OBSERVER;BUDGET;CONTEXT;HYPOTHESIS;OBSERVATION;PROVENANCE;HYPOTHESIS_SUPPORT;HYPOTHESIS_CONFIDENCE;AMBIGUITY;THEORY;SCHEMA;MATCHED_STATE;RULE;INVARIANT;COMPOSITION;SUPPORT;THEORY_EVIDENCE;SCORE;TRANSFORM;EQUIVALENCE;CONSEQUENCE;FRONTIER;FRONTIER_MEMBER;DOMAIN_WEIGHT;ALIGNMENT,sample:1
sample-identified,sample,4,coarse,canonical-cnl,sample_identified_p4_coarse,433,sample,1,0,4,0,RUN;SOURCE;SEGMENT;OBSERVER;BUDGET;CONTEXT;HYPOTHESIS;OBSERVATION;PROVENANCE;HYPOTHESIS_SUPPORT;HYPOTHESIS_CONFIDENCE;AMBIGUITY;THEORY;SCHEMA;MATCHED_STATE;RULE;INVARIANT;COMPOSITION;SUPPORT;THEORY_EVIDENCE;SCORE;TRANSFORM;EQUIVALENCE;CONSEQUENCE;FRONTIER;FRONTIER_MEMBER;DOMAIN_WEIGHT;ALIGNMENT,sample:1
sample-identified,sample,4,rich,canonical-cnl,sample_identified_p4_rich,441,sample,1,0,4,0,RUN;SOURCE;SEGMENT;OBSERVER;BUDGET;CONTEXT;HYPOTHESIS;OBSERVATION;PROVENANCE;HYPOTHESIS_SUPPORT;HYPOTHESIS_CONFIDENCE;AMBIGUITY;THEORY;SCHEMA;MATCHED_STATE;RULE;INVARIANT;COMPOSITION;SUPPORT;THEORY_EVIDENCE;SCORE;TRANSFORM;EQUIVALENCE;CONSEQUENCE;FRONTIER;FRONTIER_MEMBER;DOMAIN_WEIGHT;ALIGNMENT,sample:1
sample-generic,sample,1,coarse,canonical-cnl,sample_generic_p1_coarse,383,package,0,1.255,6,1,RUN;SOURCE;SEGMENT;OBSERVER;BUDGET;CONTEXT;HYPOTHESIS;OBSERVATION;PROVENANCE;HYPOTHESIS_SUPPORT;HYPOTHESIS_CONFIDENCE;AMBIGUITY;THEORY;SCHEMA;MATCHED_STATE;RULE;INVARIANT;COMPOSITION;SUPPORT;THEORY_EVIDENCE;SCORE;TRANSFORM;EQUIVALENCE;CONSEQUENCE;FRONTIER;FRONTIER_MEMBER;DOMAIN_WEIGHT;QUESTION;QUESTION_CLASS;ALIGNMENT,package:0.665;manuscript:0.168;sample:0.168
sample-generic,sample,1,rich,canonical-cnl,sample_generic_p1_rich,383,package,0,1.255,6,1,RUN;SOURCE;SEGMENT;OBSERVER;BUDGET;CONTEXT;HYPOTHESIS;OBSERVATION;PROVENANCE;HYPOTHESIS_SUPPORT;HYPOTHESIS_CONFIDENCE;AMBIGUITY;THEORY;SCHEMA;MATCHED_STATE;RULE;INVARIANT;COMPOSITION;SUPPORT;THEORY_EVIDENCE;SCORE;TRANSFORM;EQUIVALENCE;CONSEQUENCE;FRONTIER;FRONTIER_MEMBER;DOMAIN_WEIGHT;QUESTION;QUESTION_CLASS;ALIGNMENT,package:0.665;manuscript:0.168;sample:0.168
sample-generic,sample,2,coarse,canonical-cnl,sample_generic_p2_coarse,437,package,0,1.239,3,1,RUN;SOURCE;SEGMENT;OBSERVER;BUDGET;CONTEXT;HYPOTHESIS;OBSERVATION;PROVENANCE;HYPOTHESIS_SUPPORT;HYPOTHESIS_CONFIDENCE;AMBIGUITY;THEORY;SCHEMA;MATCHED_STATE;RULE;INVARIANT;COMPOSITION;SUPPORT;THEORY_EVIDENCE;SCORE;TRANSFORM;EQUIVALENCE;CONSEQUENCE;FRONTIER;FRONTIER_MEMBER;DOMAIN_WEIGHT;QUESTION;QUESTION_CLASS;ALIGNMENT,package:0.673;manuscript:0.164;sample:0.164
sample-generic,sample,2,rich,canonical-cnl,sample_generic_p2_rich,437,package,0,1.239,3,1,RUN;SOURCE;SEGMENT;OBSERVER;BUDGET;CONTEXT;HYPOTHESIS;OBSERVATION;PROVENANCE;HYPOTHESIS_SUPPORT;HYPOTHESIS_CONFIDENCE;AMBIGUITY;THEORY;SCHEMA;MATCHED_STATE;RULE;INVARIANT;COMPOSITION;SUPPORT;THEORY_EVIDENCE;SCORE;TRANSFORM;EQUIVALENCE;CONSEQUENCE;FRONTIER;FRONTIER_MEMBER;DOMAIN_WEIGHT;QUESTION;QUESTION_CLASS;ALIGNMENT,package:0.673;manuscript:0.164;sample:0.164
sample-generic,sample,3,coarse,canonical-cnl,sample_generic_p3_coarse,400,sample,1,0,4,0,RUN;SOURCE;SEGMENT;OBSERVER;BUDGET;CONTEXT;HYPOTHESIS;OBSERVATION;PROVENANCE;HYPOTHESIS_SUPPORT;HYPOTHESIS_CONFIDENCE;AMBIGUITY;THEORY;SCHEMA;MATCHED_STATE;RULE;INVARIANT;COMPOSITION;SUPPORT;THEORY_EVIDENCE;SCORE;TRANSFORM;EQUIVALENCE;CONSEQUENCE;FRONTIER;FRONTIER_MEMBER;DOMAIN_WEIGHT;ALIGNMENT,sample:1
sample-generic,sample,3,rich,canonical-cnl,sample_generic_p3_rich,400,sample,1,0,4,0,RUN;SOURCE;SEGMENT;OBSERVER;BUDGET;CONTEXT;HYPOTHESIS;OBSERVATION;PROVENANCE;HYPOTHESIS_SUPPORT;HYPOTHESIS_CONFIDENCE;AMBIGUITY;THEORY;SCHEMA;MATCHED_STATE;RULE;INVARIANT;COMPOSITION;SUPPORT;THEORY_EVIDENCE;SCORE;TRANSFORM;EQUIVALENCE;CONSEQUENCE;FRONTIER;FRONTIER_MEMBER;DOMAIN_WEIGHT;ALIGNMENT,sample:1
sample-generic,sample,4,coarse,canonical-cnl,sample_generic_p4_coarse,401,sample,1,0,4,0,RUN;SOURCE;SEGMENT;OBSERVER;BUDGET;CONTEXT;HYPOTHESIS;OBSERVATION;PROVENANCE;HYPOTHESIS_SUPPORT;HYPOTHESIS_CONFIDENCE;AMBIGUITY;THEORY;SCHEMA;MATCHED_STATE;RULE;INVARIANT;COMPOSITION;SUPPORT;THEORY_EVIDENCE;SCORE;TRANSFORM;EQUIVALENCE;CONSEQUENCE;FRONTIER;FRONTIER_MEMBER;DOMAIN_WEIGHT;ALIGNMENT,sample:1
sample-generic,sample,4,rich,canonical-cnl,sample_generic_p4_rich,413,sample,1,0,4,0,RUN;SOURCE;SEGMENT;OBSERVER;BUDGET;CONTEXT;HYPOTHESIS;OBSERVATION;PROVENANCE;HYPOTHESIS_SUPPORT;HYPOTHESIS_CONFIDENCE;AMBIGUITY;THEORY;SCHEMA;MATCHED_STATE;RULE;INVARIANT;COMPOSITION;SUPPORT;THEORY_EVIDENCE;SCORE;TRANSFORM;EQUIVALENCE;CONSEQUENCE;FRONTIER;FRONTIER_MEMBER;DOMAIN_WEIGHT;ALIGNMENT,sample:1
sample-freezer,sample,1,coarse,canonical-cnl,sample_freezer_p1_coarse,383,package,0,1.255,6,1,RUN;SOURCE;SEGMENT;OBSERVER;BUDGET;CONTEXT;HYPOTHESIS;OBSERVATION;PROVENANCE;HYPOTHESIS_SUPPORT;HYPOTHESIS_CONFIDENCE;AMBIGUITY;THEORY;SCHEMA;MATCHED_STATE;RULE;INVARIANT;COMPOSITION;SUPPORT;THEORY_EVIDENCE;SCORE;TRANSFORM;EQUIVALENCE;CONSEQUENCE;FRONTIER;FRONTIER_MEMBER;DOMAIN_WEIGHT;QUESTION;QUESTION_CLASS;ALIGNMENT,package:0.665;manuscript:0.168;sample:0.168
sample-freezer,sample,1,rich,canonical-cnl,sample_freezer_p1_rich,383,package,0,1.255,6,1,RUN;SOURCE;SEGMENT;OBSERVER;BUDGET;CONTEXT;HYPOTHESIS;OBSERVATION;PROVENANCE;HYPOTHESIS_SUPPORT;HYPOTHESIS_CONFIDENCE;AMBIGUITY;THEORY;SCHEMA;MATCHED_STATE;RULE;INVARIANT;COMPOSITION;SUPPORT;THEORY_EVIDENCE;SCORE;TRANSFORM;EQUIVALENCE;CONSEQUENCE;FRONTIER;FRONTIER_MEMBER;DOMAIN_WEIGHT;QUESTION;QUESTION_CLASS;ALIGNMENT,package:0.665;manuscript:0.168;sample:0.168
sample-freezer,sample,2,coarse,canonical-cnl,sample_freezer_p2_coarse,404,package,0,1.255,6,1,RUN;SOURCE;SEGMENT;OBSERVER;BUDGET;CONTEXT;HYPOTHESIS;OBSERVATION;PROVENANCE;HYPOTHESIS_SUPPORT;HYPOTHESIS_CONFIDENCE;AMBIGUITY;THEORY;SCHEMA;MATCHED_STATE;RULE;INVARIANT;COMPOSITION;SUPPORT;THEORY_EVIDENCE;SCORE;TRANSFORM;EQUIVALENCE;CONSEQUENCE;FRONTIER;FRONTIER_MEMBER;DOMAIN_WEIGHT;QUESTION;QUESTION_CLASS;ALIGNMENT,package:0.665;manuscript:0.168;sample:0.168
sample-freezer,sample,2,rich,canonical-cnl,sample_freezer_p2_rich,375,sample,1,0,4,0,RUN;SOURCE;SEGMENT;OBSERVER;BUDGET;CONTEXT;HYPOTHESIS;OBSERVATION;PROVENANCE;HYPOTHESIS_SUPPORT;HYPOTHESIS_CONFIDENCE;AMBIGUITY;THEORY;SCHEMA;MATCHED_STATE;RULE;INVARIANT;COMPOSITION;SUPPORT;THEORY_EVIDENCE;SCORE;TRANSFORM;EQUIVALENCE;CONSEQUENCE;FRONTIER;FRONTIER_MEMBER;DOMAIN_WEIGHT;ALIGNMENT,sample:1
sample-freezer,sample,3,coarse,canonical-cnl,sample_freezer_p3_coarse,372,sample,1,0,4,0,RUN;SOURCE;SEGMENT;OBSERVER;BUDGET;CONTEXT;HYPOTHESIS;OBSERVATION;PROVENANCE;HYPOTHESIS_SUPPORT;HYPOTHESIS_CONFIDENCE;AMBIGUITY;THEORY;SCHEMA;MATCHED_STATE;RULE;INVARIANT;COMPOSITION;SUPPORT;THEORY_EVIDENCE;SCORE;TRANSFORM;EQUIVALENCE;CONSEQUENCE;FRONTIER;FRONTIER_MEMBER;DOMAIN_WEIGHT;ALIGNMENT,sample:1
sample-freezer,sample,3,rich,canonical-cnl,sample_freezer_p3_rich,396,sample,1,0,4,0,RUN;SOURCE;SEGMENT;OBSERVER;BUDGET;CONTEXT;HYPOTHESIS;OBSERVATION;PROVENANCE;HYPOTHESIS_SUPPORT;HYPOTHESIS_CONFIDENCE;AMBIGUITY;THEORY;SCHEMA;MATCHED_STATE;RULE;INVARIANT;COMPOSITION;SUPPORT;THEORY_EVIDENCE;SCORE;TRANSFORM;EQUIVALENCE;CONSEQUENCE;FRONTIER;FRONTIER_MEMBER;DOMAIN_WEIGHT;ALIGNMENT,sample:1
sample-freezer,sample,4,coarse,canonical-cnl,sample_freezer_p4_coarse,397,sample,1,0,4,0,RUN;SOURCE;SEGMENT;OBSERVER;BUDGET;CONTEXT;HYPOTHESIS;OBSERVATION;PROVENANCE;HYPOTHESIS_SUPPORT;HYPOTHESIS_CONFIDENCE;AMBIGUITY;THEORY;SCHEMA;MATCHED_STATE;RULE;INVARIANT;COMPOSITION;SUPPORT;THEORY_EVIDENCE;SCORE;TRANSFORM;EQUIVALENCE;CONSEQUENCE;FRONTIER;FRONTIER_MEMBER;DOMAIN_WEIGHT;ALIGNMENT,sample:1
sample-freezer,sample,4,rich,canonical-cnl,sample_freezer_p4_rich,425,sample,1,0,4,0,RUN;SOURCE;SEGMENT;OBSERVER;BUDGET;CONTEXT;HYPOTHESIS;OBSERVATION;PROVENANCE;HYPOTHESIS_SUPPORT;HYPOTHESIS_CONFIDENCE;AMBIGUITY;THEORY;SCHEMA;MATCHED_STATE;RULE;INVARIANT;COMPOSITION;SUPPORT;THEORY_EVIDENCE;SCORE;TRANSFORM;EQUIVALENCE;CONSEQUENCE;FRONTIER;FRONTIER_MEMBER;DOMAIN_WEIGHT;ALIGNMENT,sample:1
sample-aliquot,sample,1,coarse,canonical-cnl,sample_aliquot_p1_coarse,383,package,0,1.255,6,1,RUN;SOURCE;SEGMENT;OBSERVER;BUDGET;CONTEXT;HYPOTHESIS;OBSERVATION;PROVENANCE;HYPOTHESIS_SUPPORT;HYPOTHESIS_CONFIDENCE;AMBIGUITY;THEORY;SCHEMA;MATCHED_STATE;RULE;INVARIANT;COMPOSITION;SUPPORT;THEORY_EVIDENCE;SCORE;TRANSFORM;EQUIVALENCE;CONSEQUENCE;FRONTIER;FRONTIER_MEMBER;DOMAIN_WEIGHT;QUESTION;QUESTION_CLASS;ALIGNMENT,package:0.665;manuscript:0.168;sample:0.168
sample-aliquot,sample,1,rich,canonical-cnl,sample_aliquot_p1_rich,383,package,0,1.255,6,1,RUN;SOURCE;SEGMENT;OBSERVER;BUDGET;CONTEXT;HYPOTHESIS;OBSERVATION;PROVENANCE;HYPOTHESIS_SUPPORT;HYPOTHESIS_CONFIDENCE;AMBIGUITY;THEORY;SCHEMA;MATCHED_STATE;RULE;INVARIANT;COMPOSITION;SUPPORT;THEORY_EVIDENCE;SCORE;TRANSFORM;EQUIVALENCE;CONSEQUENCE;FRONTIER;FRONTIER_MEMBER;DOMAIN_WEIGHT;QUESTION;QUESTION_CLASS;ALIGNMENT,package:0.665;manuscript:0.168;sample:0.168
sample-aliquot,sample,2,coarse,canonical-cnl,sample_aliquot_p2_coarse,437,package,0,1.239,3,1,RUN;SOURCE;SEGMENT;OBSERVER;BUDGET;CONTEXT;HYPOTHESIS;OBSERVATION;PROVENANCE;HYPOTHESIS_SUPPORT;HYPOTHESIS_CONFIDENCE;AMBIGUITY;THEORY;SCHEMA;MATCHED_STATE;RULE;INVARIANT;COMPOSITION;SUPPORT;THEORY_EVIDENCE;SCORE;TRANSFORM;EQUIVALENCE;CONSEQUENCE;FRONTIER;FRONTIER_MEMBER;DOMAIN_WEIGHT;QUESTION;QUESTION_CLASS;ALIGNMENT,package:0.673;manuscript:0.164;sample:0.164
sample-aliquot,sample,2,rich,canonical-cnl,sample_aliquot_p2_rich,399,sample,1,0,4,0,RUN;SOURCE;SEGMENT;OBSERVER;BUDGET;CONTEXT;HYPOTHESIS;OBSERVATION;PROVENANCE;HYPOTHESIS_SUPPORT;HYPOTHESIS_CONFIDENCE;AMBIGUITY;THEORY;SCHEMA;MATCHED_STATE;RULE;INVARIANT;COMPOSITION;SUPPORT;THEORY_EVIDENCE;SCORE;TRANSFORM;EQUIVALENCE;CONSEQUENCE;FRONTIER;FRONTIER_MEMBER;DOMAIN_WEIGHT;ALIGNMENT,sample:1
sample-aliquot,sample,3,coarse,canonical-cnl,sample_aliquot_p3_coarse,412,sample,1,0,4,0,RUN;SOURCE;SEGMENT;OBSERVER;BUDGET;CONTEXT;HYPOTHESIS;OBSERVATION;PROVENANCE;HYPOTHESIS_SUPPORT;HYPOTHESIS_CONFIDENCE;AMBIGUITY;THEORY;SCHEMA;MATCHED_STATE;RULE;INVARIANT;COMPOSITION;SUPPORT;THEORY_EVIDENCE;SCORE;TRANSFORM;EQUIVALENCE;CONSEQUENCE;FRONTIER;FRONTIER_MEMBER;DOMAIN_WEIGHT;ALIGNMENT,sample:1
sample-aliquot,sample,3,rich,canonical-cnl,sample_aliquot_p3_rich,420,sample,1,0,4,0,RUN;SOURCE;SEGMENT;OBSERVER;BUDGET;CONTEXT;HYPOTHESIS;OBSERVATION;PROVENANCE;HYPOTHESIS_SUPPORT;HYPOTHESIS_CONFIDENCE;AMBIGUITY;THEORY;SCHEMA;MATCHED_STATE;RULE;INVARIANT;COMPOSITION;SUPPORT;THEORY_EVIDENCE;SCORE;TRANSFORM;EQUIVALENCE;CONSEQUENCE;FRONTIER;FRONTIER_MEMBER;DOMAIN_WEIGHT;ALIGNMENT,sample:1
sample-aliquot,sample,4,coarse,canonical-cnl,sample_aliquot_p4_coarse,433,sample,1,0,4,0,RUN;SOURCE;SEGMENT;OBSERVER;BUDGET;CONTEXT;HYPOTHESIS;OBSERVATION;PROVENANCE;HYPOTHESIS_SUPPORT;HYPOTHESIS_CONFIDENCE;AMBIGUITY;THEORY;SCHEMA;MATCHED_STATE;RULE;INVARIANT;COMPOSITION;SUPPORT;THEORY_EVIDENCE;SCORE;TRANSFORM;EQUIVALENCE;CONSEQUENCE;FRONTIER;FRONTIER_MEMBER;DOMAIN_WEIGHT;ALIGNMENT,sample:1
sample-aliquot,sample,4,rich,canonical-cnl,sample_aliquot_p4_rich,449,sample,1,0,4,0,RUN;SOURCE;SEGMENT;OBSERVER;BUDGET;CONTEXT;HYPOTHESIS;OBSERVATION;PROVENANCE;HYPOTHESIS_SUPPORT;HYPOTHESIS_CONFIDENCE;AMBIGUITY;THEORY;SCHEMA;MATCHED_STATE;RULE;INVARIANT;COMPOSITION;SUPPORT;THEORY_EVIDENCE;SCORE;TRANSFORM;EQUIVALENCE;CONSEQUENCE;FRONTIER;FRONTIER_MEMBER;DOMAIN_WEIGHT;ALIGNMENT,sample:1
sample-cold-room,sample,1,coarse,canonical-cnl,sample_cold_room_p1_coarse,383,package,0,1.255,6,1,RUN;SOURCE;SEGMENT;OBSERVER;BUDGET;CONTEXT;HYPOTHESIS;OBSERVATION;PROVENANCE;HYPOTHESIS_SUPPORT;HYPOTHESIS_CONFIDENCE;AMBIGUITY;THEORY;SCHEMA;MATCHED_STATE;RULE;INVARIANT;COMPOSITION;SUPPORT;THEORY_EVIDENCE;SCORE;TRANSFORM;EQUIVALENCE;CONSEQUENCE;FRONTIER;FRONTIER_MEMBER;DOMAIN_WEIGHT;QUESTION;QUESTION_CLASS;ALIGNMENT,package:0.665;manuscript:0.168;sample:0.168
sample-cold-room,sample,1,rich,canonical-cnl,sample_cold_room_p1_rich,383,package,0,1.255,6,1,RUN;SOURCE;SEGMENT;OBSERVER;BUDGET;CONTEXT;HYPOTHESIS;OBSERVATION;PROVENANCE;HYPOTHESIS_SUPPORT;HYPOTHESIS_CONFIDENCE;AMBIGUITY;THEORY;SCHEMA;MATCHED_STATE;RULE;INVARIANT;COMPOSITION;SUPPORT;THEORY_EVIDENCE;SCORE;TRANSFORM;EQUIVALENCE;CONSEQUENCE;FRONTIER;FRONTIER_MEMBER;DOMAIN_WEIGHT;QUESTION;QUESTION_CLASS;ALIGNMENT,package:0.665;manuscript:0.168;sample:0.168
sample-cold-room,sample,2,coarse,canonical-cnl,sample_cold_room_p2_coarse,417,package,0,1.239,3,1,RUN;SOURCE;SEGMENT;OBSERVER;BUDGET;CONTEXT;HYPOTHESIS;OBSERVATION;PROVENANCE;HYPOTHESIS_SUPPORT;HYPOTHESIS_CONFIDENCE;AMBIGUITY;THEORY;SCHEMA;MATCHED_STATE;RULE;INVARIANT;COMPOSITION;SUPPORT;THEORY_EVIDENCE;SCORE;TRANSFORM;EQUIVALENCE;CONSEQUENCE;FRONTIER;FRONTIER_MEMBER;DOMAIN_WEIGHT;QUESTION;QUESTION_CLASS;ALIGNMENT,package:0.673;manuscript:0.164;sample:0.164
sample-cold-room,sample,2,rich,canonical-cnl,sample_cold_room_p2_rich,417,package,0,1.239,3,1,RUN;SOURCE;SEGMENT;OBSERVER;BUDGET;CONTEXT;HYPOTHESIS;OBSERVATION;PROVENANCE;HYPOTHESIS_SUPPORT;HYPOTHESIS_CONFIDENCE;AMBIGUITY;THEORY;SCHEMA;MATCHED_STATE;RULE;INVARIANT;COMPOSITION;SUPPORT;THEORY_EVIDENCE;SCORE;TRANSFORM;EQUIVALENCE;CONSEQUENCE;FRONTIER;FRONTIER_MEMBER;DOMAIN_WEIGHT;QUESTION;QUESTION_CLASS;ALIGNMENT,package:0.673;manuscript:0.164;sample:0.164
sample-cold-room,sample,3,coarse,canonical-cnl,sample_cold_room_p3_coarse,384,sample,1,0,4,0,RUN;SOURCE;SEGMENT;OBSERVER;BUDGET;CONTEXT;HYPOTHESIS;OBSERVATION;PROVENANCE;HYPOTHESIS_SUPPORT;HYPOTHESIS_CONFIDENCE;AMBIGUITY;THEORY;SCHEMA;MATCHED_STATE;RULE;INVARIANT;COMPOSITION;SUPPORT;THEORY_EVIDENCE;SCORE;TRANSFORM;EQUIVALENCE;CONSEQUENCE;FRONTIER;FRONTIER_MEMBER;DOMAIN_WEIGHT;ALIGNMENT,sample:1
sample-cold-room,sample,3,rich,canonical-cnl,sample_cold_room_p3_rich,396,sample,1,0,4,0,RUN;SOURCE;SEGMENT;OBSERVER;BUDGET;CONTEXT;HYPOTHESIS;OBSERVATION;PROVENANCE;HYPOTHESIS_SUPPORT;HYPOTHESIS_CONFIDENCE;AMBIGUITY;THEORY;SCHEMA;MATCHED_STATE;RULE;INVARIANT;COMPOSITION;SUPPORT;THEORY_EVIDENCE;SCORE;TRANSFORM;EQUIVALENCE;CONSEQUENCE;FRONTIER;FRONTIER_MEMBER;DOMAIN_WEIGHT;ALIGNMENT,sample:1
sample-cold-room,sample,4,coarse,canonical-cnl,sample_cold_room_p4_coarse,409,sample,1,0,4,0,RUN;SOURCE;SEGMENT;OBSERVER;BUDGET;CONTEXT;HYPOTHESIS;OBSERVATION;PROVENANCE;HYPOTHESIS_SUPPORT;HYPOTHESIS_CONFIDENCE;AMBIGUITY;THEORY;SCHEMA;MATCHED_STATE;RULE;INVARIANT;COMPOSITION;SUPPORT;THEORY_EVIDENCE;SCORE;TRANSFORM;EQUIVALENCE;CONSEQUENCE;FRONTIER;FRONTIER_MEMBER;DOMAIN_WEIGHT;ALIGNMENT,sample:1
sample-cold-room,sample,4,rich,canonical-cnl,sample_cold_room_p4_rich,433,sample,1,0,4,0,RUN;SOURCE;SEGMENT;OBSERVER;BUDGET;CONTEXT;HYPOTHESIS;OBSERVATION;PROVENANCE;HYPOTHESIS_SUPPORT;HYPOTHESIS_CONFIDENCE;AMBIGUITY;THEORY;SCHEMA;MATCHED_STATE;RULE;INVARIANT;COMPOSITION;SUPPORT;THEORY_EVIDENCE;SCORE;TRANSFORM;EQUIVALENCE;CONSEQUENCE;FRONTIER;FRONTIER_MEMBER;DOMAIN_WEIGHT;ALIGNMENT,sample:1
sample-centrifuge,sample,1,coarse,canonical-cnl,sample_centrifuge_p1_coarse,383,package,0,1.255,6,1,RUN;SOURCE;SEGMENT;OBSERVER;BUDGET;CONTEXT;HYPOTHESIS;OBSERVATION;PROVENANCE;HYPOTHESIS_SUPPORT;HYPOTHESIS_CONFIDENCE;AMBIGUITY;THEORY;SCHEMA;MATCHED_STATE;RULE;INVARIANT;COMPOSITION;SUPPORT;THEORY_EVIDENCE;SCORE;TRANSFORM;EQUIVALENCE;CONSEQUENCE;FRONTIER;FRONTIER_MEMBER;DOMAIN_WEIGHT;QUESTION;QUESTION_CLASS;ALIGNMENT,package:0.665;manuscript:0.168;sample:0.168
sample-centrifuge,sample,1,rich,canonical-cnl,sample_centrifuge_p1_rich,383,package,0,1.255,6,1,RUN;SOURCE;SEGMENT;OBSERVER;BUDGET;CONTEXT;HYPOTHESIS;OBSERVATION;PROVENANCE;HYPOTHESIS_SUPPORT;HYPOTHESIS_CONFIDENCE;AMBIGUITY;THEORY;SCHEMA;MATCHED_STATE;RULE;INVARIANT;COMPOSITION;SUPPORT;THEORY_EVIDENCE;SCORE;TRANSFORM;EQUIVALENCE;CONSEQUENCE;FRONTIER;FRONTIER_MEMBER;DOMAIN_WEIGHT;QUESTION;QUESTION_CLASS;ALIGNMENT,package:0.665;manuscript:0.168;sample:0.168
sample-centrifuge,sample,2,coarse,canonical-cnl,sample_centrifuge_p2_coarse,437,package,0,1.239,3,1,RUN;SOURCE;SEGMENT;OBSERVER;BUDGET;CONTEXT;HYPOTHESIS;OBSERVATION;PROVENANCE;HYPOTHESIS_SUPPORT;HYPOTHESIS_CONFIDENCE;AMBIGUITY;THEORY;SCHEMA;MATCHED_STATE;RULE;INVARIANT;COMPOSITION;SUPPORT;THEORY_EVIDENCE;SCORE;TRANSFORM;EQUIVALENCE;CONSEQUENCE;FRONTIER;FRONTIER_MEMBER;DOMAIN_WEIGHT;QUESTION;QUESTION_CLASS;ALIGNMENT,package:0.673;manuscript:0.164;sample:0.164
sample-centrifuge,sample,2,rich,canonical-cnl,sample_centrifuge_p2_rich,399,sample,1,0,4,0,RUN;SOURCE;SEGMENT;OBSERVER;BUDGET;CONTEXT;HYPOTHESIS;OBSERVATION;PROVENANCE;HYPOTHESIS_SUPPORT;HYPOTHESIS_CONFIDENCE;AMBIGUITY;THEORY;SCHEMA;MATCHED_STATE;RULE;INVARIANT;COMPOSITION;SUPPORT;THEORY_EVIDENCE;SCORE;TRANSFORM;EQUIVALENCE;CONSEQUENCE;FRONTIER;FRONTIER_MEMBER;DOMAIN_WEIGHT;ALIGNMENT,sample:1
sample-centrifuge,sample,3,coarse,canonical-cnl,sample_centrifuge_p3_coarse,400,sample,1,0,4,0,RUN;SOURCE;SEGMENT;OBSERVER;BUDGET;CONTEXT;HYPOTHESIS;OBSERVATION;PROVENANCE;HYPOTHESIS_SUPPORT;HYPOTHESIS_CONFIDENCE;AMBIGUITY;THEORY;SCHEMA;MATCHED_STATE;RULE;INVARIANT;COMPOSITION;SUPPORT;THEORY_EVIDENCE;SCORE;TRANSFORM;EQUIVALENCE;CONSEQUENCE;FRONTIER;FRONTIER_MEMBER;DOMAIN_WEIGHT;ALIGNMENT,sample:1
sample-centrifuge,sample,3,rich,canonical-cnl,sample_centrifuge_p3_rich,420,sample,1,0,4,0,RUN;SOURCE;SEGMENT;OBSERVER;BUDGET;CONTEXT;HYPOTHESIS;OBSERVATION;PROVENANCE;HYPOTHESIS_SUPPORT;HYPOTHESIS_CONFIDENCE;AMBIGUITY;THEORY;SCHEMA;MATCHED_STATE;RULE;INVARIANT;COMPOSITION;SUPPORT;THEORY_EVIDENCE;SCORE;TRANSFORM;EQUIVALENCE;CONSEQUENCE;FRONTIER;FRONTIER_MEMBER;DOMAIN_WEIGHT;ALIGNMENT,sample:1
sample-centrifuge,sample,4,coarse,canonical-cnl,sample_centrifuge_p4_coarse,425,sample,1,0,4,0,RUN;SOURCE;SEGMENT;OBSERVER;BUDGET;CONTEXT;HYPOTHESIS;OBSERVATION;PROVENANCE;HYPOTHESIS_SUPPORT;HYPOTHESIS_CONFIDENCE;AMBIGUITY;THEORY;SCHEMA;MATCHED_STATE;RULE;INVARIANT;COMPOSITION;SUPPORT;THEORY_EVIDENCE;SCORE;TRANSFORM;EQUIVALENCE;CONSEQUENCE;FRONTIER;FRONTIER_MEMBER;DOMAIN_WEIGHT;ALIGNMENT,sample:1
sample-centrifuge,sample,4,rich,canonical-cnl,sample_centrifuge_p4_rich,457,sample,1,0,4,0,RUN;SOURCE;SEGMENT;OBSERVER;BUDGET;CONTEXT;HYPOTHESIS;OBSERVATION;PROVENANCE;HYPOTHESIS_SUPPORT;HYPOTHESIS_CONFIDENCE;AMBIGUITY;THEORY;SCHEMA;MATCHED_STATE;RULE;INVARIANT;COMPOSITION;SUPPORT;THEORY_EVIDENCE;SCORE;TRANSFORM;EQUIVALENCE;CONSEQUENCE;FRONTIER;FRONTIER_MEMBER;DOMAIN_WEIGHT;ALIGNMENT,sample:1
manuscript-submission,manuscript,1,coarse,canonical-cnl,manuscript_submission_p1_coarse,383,package,0,1.255,6,1,RUN;SOURCE;SEGMENT;OBSERVER;BUDGET;CONTEXT;HYPOTHESIS;OBSERVATION;PROVENANCE;HYPOTHESIS_SUPPORT;HYPOTHESIS_CONFIDENCE;AMBIGUITY;THEORY;SCHEMA;MATCHED_STATE;RULE;INVARIANT;COMPOSITION;SUPPORT;THEORY_EVIDENCE;SCORE;TRANSFORM;EQUIVALENCE;CONSEQUENCE;FRONTIER;FRONTIER_MEMBER;DOMAIN_WEIGHT;QUESTION;QUESTION_CLASS;ALIGNMENT,package:0.665;manuscript:0.168;sample:0.168
manuscript-submission,manuscript,1,rich,canonical-cnl,manuscript_submission_p1_rich,383,package,0,1.255,6,1,RUN;SOURCE;SEGMENT;OBSERVER;BUDGET;CONTEXT;HYPOTHESIS;OBSERVATION;PROVENANCE;HYPOTHESIS_SUPPORT;HYPOTHESIS_CONFIDENCE;AMBIGUITY;THEORY;SCHEMA;MATCHED_STATE;RULE;INVARIANT;COMPOSITION;SUPPORT;THEORY_EVIDENCE;SCORE;TRANSFORM;EQUIVALENCE;CONSEQUENCE;FRONTIER;FRONTIER_MEMBER;DOMAIN_WEIGHT;QUESTION;QUESTION_CLASS;ALIGNMENT,package:0.665;manuscript:0.168;sample:0.168
manuscript-submission,manuscript,2,coarse,canonical-cnl,manuscript_submission_p2_coarse,404,package,0,1.255,6,1,RUN;SOURCE;SEGMENT;OBSERVER;BUDGET;CONTEXT;HYPOTHESIS;OBSERVATION;PROVENANCE;HYPOTHESIS_SUPPORT;HYPOTHESIS_CONFIDENCE;AMBIGUITY;THEORY;SCHEMA;MATCHED_STATE;RULE;INVARIANT;COMPOSITION;SUPPORT;THEORY_EVIDENCE;SCORE;TRANSFORM;EQUIVALENCE;CONSEQUENCE;FRONTIER;FRONTIER_MEMBER;DOMAIN_WEIGHT;QUESTION;QUESTION_CLASS;ALIGNMENT,package:0.665;manuscript:0.168;sample:0.168
manuscript-submission,manuscript,2,rich,canonical-cnl,manuscript_submission_p2_rich,375,manuscript,1,0,4,0,RUN;SOURCE;SEGMENT;OBSERVER;BUDGET;CONTEXT;HYPOTHESIS;OBSERVATION;PROVENANCE;HYPOTHESIS_SUPPORT;HYPOTHESIS_CONFIDENCE;AMBIGUITY;THEORY;SCHEMA;MATCHED_STATE;RULE;INVARIANT;COMPOSITION;SUPPORT;THEORY_EVIDENCE;SCORE;TRANSFORM;EQUIVALENCE;CONSEQUENCE;FRONTIER;FRONTIER_MEMBER;DOMAIN_WEIGHT;ALIGNMENT,manuscript:1
manuscript-submission,manuscript,3,coarse,canonical-cnl,manuscript_submission_p3_coarse,388,manuscript,1,0,4,0,RUN;SOURCE;SEGMENT;OBSERVER;BUDGET;CONTEXT;HYPOTHESIS;OBSERVATION;PROVENANCE;HYPOTHESIS_SUPPORT;HYPOTHESIS_CONFIDENCE;AMBIGUITY;THEORY;SCHEMA;MATCHED_STATE;RULE;INVARIANT;COMPOSITION;SUPPORT;THEORY_EVIDENCE;SCORE;TRANSFORM;EQUIVALENCE;CONSEQUENCE;FRONTIER;FRONTIER_MEMBER;DOMAIN_WEIGHT;ALIGNMENT,manuscript:1
manuscript-submission,manuscript,3,rich,canonical-cnl,manuscript_submission_p3_rich,408,manuscript,1,0,4,0,RUN;SOURCE;SEGMENT;OBSERVER;BUDGET;CONTEXT;HYPOTHESIS;OBSERVATION;PROVENANCE;HYPOTHESIS_SUPPORT;HYPOTHESIS_CONFIDENCE;AMBIGUITY;THEORY;SCHEMA;MATCHED_STATE;RULE;INVARIANT;COMPOSITION;SUPPORT;THEORY_EVIDENCE;SCORE;TRANSFORM;EQUIVALENCE;CONSEQUENCE;FRONTIER;FRONTIER_MEMBER;DOMAIN_WEIGHT;ALIGNMENT,manuscript:1
manuscript-submission,manuscript,4,coarse,canonical-cnl,manuscript_submission_p4_coarse,413,manuscript,1,0,4,0,RUN;SOURCE;SEGMENT;OBSERVER;BUDGET;CONTEXT;HYPOTHESIS;OBSERVATION;PROVENANCE;HYPOTHESIS_SUPPORT;HYPOTHESIS_CONFIDENCE;AMBIGUITY;THEORY;SCHEMA;MATCHED_STATE;RULE;INVARIANT;COMPOSITION;SUPPORT;THEORY_EVIDENCE;SCORE;TRANSFORM;EQUIVALENCE;CONSEQUENCE;FRONTIER;FRONTIER_MEMBER;DOMAIN_WEIGHT;ALIGNMENT,manuscript:1
manuscript-submission,manuscript,4,rich,canonical-cnl,manuscript_submission_p4_rich,430,manuscript,1,0,3,0,RUN;SOURCE;SEGMENT;OBSERVER;BUDGET;CONTEXT;HYPOTHESIS;OBSERVATION;PROVENANCE;HYPOTHESIS_SUPPORT;HYPOTHESIS_CONFIDENCE;AMBIGUITY;THEORY;SCHEMA;MATCHED_STATE;RULE;INVARIANT;COMPOSITION;SUPPORT;THEORY_EVIDENCE;SCORE;TRANSFORM;EQUIVALENCE;CONSEQUENCE;FRONTIER;FRONTIER_MEMBER;DOMAIN_WEIGHT;ALIGNMENT,manuscript:1
manuscript-generic,manuscript,1,coarse,canonical-cnl,manuscript_generic_p1_coarse,383,package,0,1.255,6,1,RUN;SOURCE;SEGMENT;OBSERVER;BUDGET;CONTEXT;HYPOTHESIS;OBSERVATION;PROVENANCE;HYPOTHESIS_SUPPORT;HYPOTHESIS_CONFIDENCE;AMBIGUITY;THEORY;SCHEMA;MATCHED_STATE;RULE;INVARIANT;COMPOSITION;SUPPORT;THEORY_EVIDENCE;SCORE;TRANSFORM;EQUIVALENCE;CONSEQUENCE;FRONTIER;FRONTIER_MEMBER;DOMAIN_WEIGHT;QUESTION;QUESTION_CLASS;ALIGNMENT,package:0.665;manuscript:0.168;sample:0.168
manuscript-generic,manuscript,1,rich,canonical-cnl,manuscript_generic_p1_rich,383,package,0,1.255,6,1,RUN;SOURCE;SEGMENT;OBSERVER;BUDGET;CONTEXT;HYPOTHESIS;OBSERVATION;PROVENANCE;HYPOTHESIS_SUPPORT;HYPOTHESIS_CONFIDENCE;AMBIGUITY;THEORY;SCHEMA;MATCHED_STATE;RULE;INVARIANT;COMPOSITION;SUPPORT;THEORY_EVIDENCE;SCORE;TRANSFORM;EQUIVALENCE;CONSEQUENCE;FRONTIER;FRONTIER_MEMBER;DOMAIN_WEIGHT;QUESTION;QUESTION_CLASS;ALIGNMENT,package:0.665;manuscript:0.168;sample:0.168
manuscript-generic,manuscript,2,coarse,canonical-cnl,manuscript_generic_p2_coarse,417,package,0,1.239,3,1,RUN;SOURCE;SEGMENT;OBSERVER;BUDGET;CONTEXT;HYPOTHESIS;OBSERVATION;PROVENANCE;HYPOTHESIS_SUPPORT;HYPOTHESIS_CONFIDENCE;AMBIGUITY;THEORY;SCHEMA;MATCHED_STATE;RULE;INVARIANT;COMPOSITION;SUPPORT;THEORY_EVIDENCE;SCORE;TRANSFORM;EQUIVALENCE;CONSEQUENCE;FRONTIER;FRONTIER_MEMBER;DOMAIN_WEIGHT;QUESTION;QUESTION_CLASS;ALIGNMENT,package:0.673;manuscript:0.164;sample:0.164
manuscript-generic,manuscript,2,rich,canonical-cnl,manuscript_generic_p2_rich,417,package,0,1.239,3,1,RUN;SOURCE;SEGMENT;OBSERVER;BUDGET;CONTEXT;HYPOTHESIS;OBSERVATION;PROVENANCE;HYPOTHESIS_SUPPORT;HYPOTHESIS_CONFIDENCE;AMBIGUITY;THEORY;SCHEMA;MATCHED_STATE;RULE;INVARIANT;COMPOSITION;SUPPORT;THEORY_EVIDENCE;SCORE;TRANSFORM;EQUIVALENCE;CONSEQUENCE;FRONTIER;FRONTIER_MEMBER;DOMAIN_WEIGHT;QUESTION;QUESTION_CLASS;ALIGNMENT,package:0.673;manuscript:0.164;sample:0.164
manuscript-generic,manuscript,3,coarse,canonical-cnl,manuscript_generic_p3_coarse,418,package,0,1.239,3,1,RUN;SOURCE;SEGMENT;OBSERVER;BUDGET;CONTEXT;HYPOTHESIS;OBSERVATION;PROVENANCE;HYPOTHESIS_SUPPORT;HYPOTHESIS_CONFIDENCE;AMBIGUITY;THEORY;SCHEMA;MATCHED_STATE;RULE;INVARIANT;COMPOSITION;SUPPORT;THEORY_EVIDENCE;SCORE;TRANSFORM;EQUIVALENCE;CONSEQUENCE;FRONTIER;FRONTIER_MEMBER;DOMAIN_WEIGHT;QUESTION;QUESTION_CLASS;ALIGNMENT,package:0.673;manuscript:0.164;sample:0.164
manuscript-generic,manuscript,3,rich,canonical-cnl,manuscript_generic_p3_rich,384,manuscript,1,0,4,0,RUN;SOURCE;SEGMENT;OBSERVER;BUDGET;CONTEXT;HYPOTHESIS;OBSERVATION;PROVENANCE;HYPOTHESIS_SUPPORT;HYPOTHESIS_CONFIDENCE;AMBIGUITY;THEORY;SCHEMA;MATCHED_STATE;RULE;INVARIANT;COMPOSITION;SUPPORT;THEORY_EVIDENCE;SCORE;TRANSFORM;EQUIVALENCE;CONSEQUENCE;FRONTIER;FRONTIER_MEMBER;DOMAIN_WEIGHT;ALIGNMENT,manuscript:1
manuscript-generic,manuscript,4,coarse,canonical-cnl,manuscript_generic_p4_coarse,421,manuscript,1,0,4,0,RUN;SOURCE;SEGMENT;OBSERVER;BUDGET;CONTEXT;HYPOTHESIS;OBSERVATION;PROVENANCE;HYPOTHESIS_SUPPORT;HYPOTHESIS_CONFIDENCE;AMBIGUITY;THEORY;SCHEMA;MATCHED_STATE;RULE;INVARIANT;COMPOSITION;SUPPORT;THEORY_EVIDENCE;SCORE;TRANSFORM;EQUIVALENCE;CONSEQUENCE;FRONTIER;FRONTIER_MEMBER;DOMAIN_WEIGHT;ALIGNMENT,manuscript:1
manuscript-generic,manuscript,4,rich,canonical-cnl,manuscript_generic_p4_rich,429,manuscript,1,0,4,0,RUN;SOURCE;SEGMENT;OBSERVER;BUDGET;CONTEXT;HYPOTHESIS;OBSERVATION;PROVENANCE;HYPOTHESIS_SUPPORT;HYPOTHESIS_CONFIDENCE;AMBIGUITY;THEORY;SCHEMA;MATCHED_STATE;RULE;INVARIANT;COMPOSITION;SUPPORT;THEORY_EVIDENCE;SCORE;TRANSFORM;EQUIVALENCE;CONSEQUENCE;FRONTIER;FRONTIER_MEMBER;DOMAIN_WEIGHT;ALIGNMENT,manuscript:1
manuscript-editorial-queue,manuscript,1,coarse,canonical-cnl,manuscript_editorial_queue_p1_coarse,383,package,0,1.255,6,1,RUN;SOURCE;SEGMENT;OBSERVER;BUDGET;CONTEXT;HYPOTHESIS;OBSERVATION;PROVENANCE;HYPOTHESIS_SUPPORT;HYPOTHESIS_CONFIDENCE;AMBIGUITY;THEORY;SCHEMA;MATCHED_STATE;RULE;INVARIANT;COMPOSITION;SUPPORT;THEORY_EVIDENCE;SCORE;TRANSFORM;EQUIVALENCE;CONSEQUENCE;FRONTIER;FRONTIER_MEMBER;DOMAIN_WEIGHT;QUESTION;QUESTION_CLASS;ALIGNMENT,package:0.665;manuscript:0.168;sample:0.168
manuscript-editorial-queue,manuscript,1,rich,canonical-cnl,manuscript_editorial_queue_p1_rich,358,manuscript,1,0,4,0,RUN;SOURCE;SEGMENT;OBSERVER;BUDGET;CONTEXT;HYPOTHESIS;OBSERVATION;PROVENANCE;HYPOTHESIS_SUPPORT;HYPOTHESIS_CONFIDENCE;AMBIGUITY;THEORY;SCHEMA;MATCHED_STATE;RULE;INVARIANT;COMPOSITION;SUPPORT;THEORY_EVIDENCE;SCORE;TRANSFORM;EQUIVALENCE;CONSEQUENCE;FRONTIER;FRONTIER_MEMBER;DOMAIN_WEIGHT;ALIGNMENT,manuscript:1
manuscript-editorial-queue,manuscript,2,coarse,canonical-cnl,manuscript_editorial_queue_p2_coarse,404,package,0,1.255,6,1,RUN;SOURCE;SEGMENT;OBSERVER;BUDGET;CONTEXT;HYPOTHESIS;OBSERVATION;PROVENANCE;HYPOTHESIS_SUPPORT;HYPOTHESIS_CONFIDENCE;AMBIGUITY;THEORY;SCHEMA;MATCHED_STATE;RULE;INVARIANT;COMPOSITION;SUPPORT;THEORY_EVIDENCE;SCORE;TRANSFORM;EQUIVALENCE;CONSEQUENCE;FRONTIER;FRONTIER_MEMBER;DOMAIN_WEIGHT;QUESTION;QUESTION_CLASS;ALIGNMENT,package:0.665;manuscript:0.168;sample:0.168
manuscript-editorial-queue,manuscript,2,rich,canonical-cnl,manuscript_editorial_queue_p2_rich,375,manuscript,1,0,4,0,RUN;SOURCE;SEGMENT;OBSERVER;BUDGET;CONTEXT;HYPOTHESIS;OBSERVATION;PROVENANCE;HYPOTHESIS_SUPPORT;HYPOTHESIS_CONFIDENCE;AMBIGUITY;THEORY;SCHEMA;MATCHED_STATE;RULE;INVARIANT;COMPOSITION;SUPPORT;THEORY_EVIDENCE;SCORE;TRANSFORM;EQUIVALENCE;CONSEQUENCE;FRONTIER;FRONTIER_MEMBER;DOMAIN_WEIGHT;ALIGNMENT,manuscript:1
manuscript-editorial-queue,manuscript,3,coarse,canonical-cnl,manuscript_editorial_queue_p3_coarse,388,manuscript,1,0,4,0,RUN;SOURCE;SEGMENT;OBSERVER;BUDGET;CONTEXT;HYPOTHESIS;OBSERVATION;PROVENANCE;HYPOTHESIS_SUPPORT;HYPOTHESIS_CONFIDENCE;AMBIGUITY;THEORY;SCHEMA;MATCHED_STATE;RULE;INVARIANT;COMPOSITION;SUPPORT;THEORY_EVIDENCE;SCORE;TRANSFORM;EQUIVALENCE;CONSEQUENCE;FRONTIER;FRONTIER_MEMBER;DOMAIN_WEIGHT;ALIGNMENT,manuscript:1
manuscript-editorial-queue,manuscript,3,rich,canonical-cnl,manuscript_editorial_queue_p3_rich,408,manuscript,1,0,4,0,RUN;SOURCE;SEGMENT;OBSERVER;BUDGET;CONTEXT;HYPOTHESIS;OBSERVATION;PROVENANCE;HYPOTHESIS_SUPPORT;HYPOTHESIS_CONFIDENCE;AMBIGUITY;THEORY;SCHEMA;MATCHED_STATE;RULE;INVARIANT;COMPOSITION;SUPPORT;THEORY_EVIDENCE;SCORE;TRANSFORM;EQUIVALENCE;CONSEQUENCE;FRONTIER;FRONTIER_MEMBER;DOMAIN_WEIGHT;ALIGNMENT,manuscript:1
manuscript-editorial-queue,manuscript,4,coarse,canonical-cnl,manuscript_editorial_queue_p4_coarse,433,manuscript,1,0,4,0,RUN;SOURCE;SEGMENT;OBSERVER;BUDGET;CONTEXT;HYPOTHESIS;OBSERVATION;PROVENANCE;HYPOTHESIS_SUPPORT;HYPOTHESIS_CONFIDENCE;AMBIGUITY;THEORY;SCHEMA;MATCHED_STATE;RULE;INVARIANT;COMPOSITION;SUPPORT;THEORY_EVIDENCE;SCORE;TRANSFORM;EQUIVALENCE;CONSEQUENCE;FRONTIER;FRONTIER_MEMBER;DOMAIN_WEIGHT;ALIGNMENT,manuscript:1
manuscript-editorial-queue,manuscript,4,rich,canonical-cnl,manuscript_editorial_queue_p4_rich,450,manuscript,1,0,3,0,RUN;SOURCE;SEGMENT;OBSERVER;BUDGET;CONTEXT;HYPOTHESIS;OBSERVATION;PROVENANCE;HYPOTHESIS_SUPPORT;HYPOTHESIS_CONFIDENCE;AMBIGUITY;THEORY;SCHEMA;MATCHED_STATE;RULE;INVARIANT;COMPOSITION;SUPPORT;THEORY_EVIDENCE;SCORE;TRANSFORM;EQUIVALENCE;CONSEQUENCE;FRONTIER;FRONTIER_MEMBER;DOMAIN_WEIGHT;ALIGNMENT,manuscript:1
manuscript-peer-review,manuscript,1,coarse,canonical-cnl,manuscript_peer_review_p1_coarse,383,package,0,1.255,6,1,RUN;SOURCE;SEGMENT;OBSERVER;BUDGET;CONTEXT;HYPOTHESIS;OBSERVATION;PROVENANCE;HYPOTHESIS_SUPPORT;HYPOTHESIS_CONFIDENCE;AMBIGUITY;THEORY;SCHEMA;MATCHED_STATE;RULE;INVARIANT;COMPOSITION;SUPPORT;THEORY_EVIDENCE;SCORE;TRANSFORM;EQUIVALENCE;CONSEQUENCE;FRONTIER;FRONTIER_MEMBER;DOMAIN_WEIGHT;QUESTION;QUESTION_CLASS;ALIGNMENT,package:0.665;manuscript:0.168;sample:0.168
manuscript-peer-review,manuscript,1,rich,canonical-cnl,manuscript_peer_review_p1_rich,383,package,0,1.255,6,1,RUN;SOURCE;SEGMENT;OBSERVER;BUDGET;CONTEXT;HYPOTHESIS;OBSERVATION;PROVENANCE;HYPOTHESIS_SUPPORT;HYPOTHESIS_CONFIDENCE;AMBIGUITY;THEORY;SCHEMA;MATCHED_STATE;RULE;INVARIANT;COMPOSITION;SUPPORT;THEORY_EVIDENCE;SCORE;TRANSFORM;EQUIVALENCE;CONSEQUENCE;FRONTIER;FRONTIER_MEMBER;DOMAIN_WEIGHT;QUESTION;QUESTION_CLASS;ALIGNMENT,package:0.665;manuscript:0.168;sample:0.168
manuscript-peer-review,manuscript,2,coarse,canonical-cnl,manuscript_peer_review_p2_coarse,384,package,0,1.255,6,1,RUN;SOURCE;SEGMENT;OBSERVER;BUDGET;CONTEXT;HYPOTHESIS;OBSERVATION;PROVENANCE;HYPOTHESIS_SUPPORT;HYPOTHESIS_CONFIDENCE;AMBIGUITY;THEORY;SCHEMA;MATCHED_STATE;RULE;INVARIANT;COMPOSITION;SUPPORT;THEORY_EVIDENCE;SCORE;TRANSFORM;EQUIVALENCE;CONSEQUENCE;FRONTIER;FRONTIER_MEMBER;DOMAIN_WEIGHT;QUESTION;QUESTION_CLASS;ALIGNMENT,package:0.665;manuscript:0.168;sample:0.168
manuscript-peer-review,manuscript,2,rich,canonical-cnl,manuscript_peer_review_p2_rich,359,manuscript,1,0,4,0,RUN;SOURCE;SEGMENT;OBSERVER;BUDGET;CONTEXT;HYPOTHESIS;OBSERVATION;PROVENANCE;HYPOTHESIS_SUPPORT;HYPOTHESIS_CONFIDENCE;AMBIGUITY;THEORY;SCHEMA;MATCHED_STATE;RULE;INVARIANT;COMPOSITION;SUPPORT;THEORY_EVIDENCE;SCORE;TRANSFORM;EQUIVALENCE;CONSEQUENCE;FRONTIER;FRONTIER_MEMBER;DOMAIN_WEIGHT;ALIGNMENT,manuscript:1
manuscript-peer-review,manuscript,3,coarse,canonical-cnl,manuscript_peer_review_p3_coarse,356,manuscript,1,0,4,0,RUN;SOURCE;SEGMENT;OBSERVER;BUDGET;CONTEXT;HYPOTHESIS;OBSERVATION;PROVENANCE;HYPOTHESIS_SUPPORT;HYPOTHESIS_CONFIDENCE;AMBIGUITY;THEORY;SCHEMA;MATCHED_STATE;RULE;INVARIANT;COMPOSITION;SUPPORT;THEORY_EVIDENCE;SCORE;TRANSFORM;EQUIVALENCE;CONSEQUENCE;FRONTIER;FRONTIER_MEMBER;DOMAIN_WEIGHT;ALIGNMENT,manuscript:1
manuscript-peer-review,manuscript,3,rich,canonical-cnl,manuscript_peer_review_p3_rich,376,manuscript,1,0,4,0,RUN;SOURCE;SEGMENT;OBSERVER;BUDGET;CONTEXT;HYPOTHESIS;OBSERVATION;PROVENANCE;HYPOTHESIS_SUPPORT;HYPOTHESIS_CONFIDENCE;AMBIGUITY;THEORY;SCHEMA;MATCHED_STATE;RULE;INVARIANT;COMPOSITION;SUPPORT;THEORY_EVIDENCE;SCORE;TRANSFORM;EQUIVALENCE;CONSEQUENCE;FRONTIER;FRONTIER_MEMBER;DOMAIN_WEIGHT;ALIGNMENT,manuscript:1
manuscript-peer-review,manuscript,4,coarse,canonical-cnl,manuscript_peer_review_p4_coarse,381,manuscript,1,0,4,0,RUN;SOURCE;SEGMENT;OBSERVER;BUDGET;CONTEXT;HYPOTHESIS;OBSERVATION;PROVENANCE;HYPOTHESIS_SUPPORT;HYPOTHESIS_CONFIDENCE;AMBIGUITY;THEORY;SCHEMA;MATCHED_STATE;RULE;INVARIANT;COMPOSITION;SUPPORT;THEORY_EVIDENCE;SCORE;TRANSFORM;EQUIVALENCE;CONSEQUENCE;FRONTIER;FRONTIER_MEMBER;DOMAIN_WEIGHT;ALIGNMENT,manuscript:1
manuscript-peer-review,manuscript,4,rich,canonical-cnl,manuscript_peer_review_p4_rich,398,manuscript,1,0,3,0,RUN;SOURCE;SEGMENT;OBSERVER;BUDGET;CONTEXT;HYPOTHESIS;OBSERVATION;PROVENANCE;HYPOTHESIS_SUPPORT;HYPOTHESIS_CONFIDENCE;AMBIGUITY;THEORY;SCHEMA;MATCHED_STATE;RULE;INVARIANT;COMPOSITION;SUPPORT;THEORY_EVIDENCE;SCORE;TRANSFORM;EQUIVALENCE;CONSEQUENCE;FRONTIER;FRONTIER_MEMBER;DOMAIN_WEIGHT;ALIGNMENT,manuscript:1
manuscript-revision-cycle,manuscript,1,coarse,canonical-cnl,manuscript_revision_cycle_p1_coarse,383,package,0,1.255,6,1,RUN;SOURCE;SEGMENT;OBSERVER;BUDGET;CONTEXT;HYPOTHESIS;OBSERVATION;PROVENANCE;HYPOTHESIS_SUPPORT;HYPOTHESIS_CONFIDENCE;AMBIGUITY;THEORY;SCHEMA;MATCHED_STATE;RULE;INVARIANT;COMPOSITION;SUPPORT;THEORY_EVIDENCE;SCORE;TRANSFORM;EQUIVALENCE;CONSEQUENCE;FRONTIER;FRONTIER_MEMBER;DOMAIN_WEIGHT;QUESTION;QUESTION_CLASS;ALIGNMENT,package:0.665;manuscript:0.168;sample:0.168
manuscript-revision-cycle,manuscript,1,rich,canonical-cnl,manuscript_revision_cycle_p1_rich,383,package,0,1.255,6,1,RUN;SOURCE;SEGMENT;OBSERVER;BUDGET;CONTEXT;HYPOTHESIS;OBSERVATION;PROVENANCE;HYPOTHESIS_SUPPORT;HYPOTHESIS_CONFIDENCE;AMBIGUITY;THEORY;SCHEMA;MATCHED_STATE;RULE;INVARIANT;COMPOSITION;SUPPORT;THEORY_EVIDENCE;SCORE;TRANSFORM;EQUIVALENCE;CONSEQUENCE;FRONTIER;FRONTIER_MEMBER;DOMAIN_WEIGHT;QUESTION;QUESTION_CLASS;ALIGNMENT,package:0.665;manuscript:0.168;sample:0.168
manuscript-revision-cycle,manuscript,2,coarse,canonical-cnl,manuscript_revision_cycle_p2_coarse,404,package,0,1.255,6,1,RUN;SOURCE;SEGMENT;OBSERVER;BUDGET;CONTEXT;HYPOTHESIS;OBSERVATION;PROVENANCE;HYPOTHESIS_SUPPORT;HYPOTHESIS_CONFIDENCE;AMBIGUITY;THEORY;SCHEMA;MATCHED_STATE;RULE;INVARIANT;COMPOSITION;SUPPORT;THEORY_EVIDENCE;SCORE;TRANSFORM;EQUIVALENCE;CONSEQUENCE;FRONTIER;FRONTIER_MEMBER;DOMAIN_WEIGHT;QUESTION;QUESTION_CLASS;ALIGNMENT,package:0.665;manuscript:0.168;sample:0.168
manuscript-revision-cycle,manuscript,2,rich,canonical-cnl,manuscript_revision_cycle_p2_rich,375,manuscript,1,0,4,0,RUN;SOURCE;SEGMENT;OBSERVER;BUDGET;CONTEXT;HYPOTHESIS;OBSERVATION;PROVENANCE;HYPOTHESIS_SUPPORT;HYPOTHESIS_CONFIDENCE;AMBIGUITY;THEORY;SCHEMA;MATCHED_STATE;RULE;INVARIANT;COMPOSITION;SUPPORT;THEORY_EVIDENCE;SCORE;TRANSFORM;EQUIVALENCE;CONSEQUENCE;FRONTIER;FRONTIER_MEMBER;DOMAIN_WEIGHT;ALIGNMENT,manuscript:1
manuscript-revision-cycle,manuscript,3,coarse,canonical-cnl,manuscript_revision_cycle_p3_coarse,384,manuscript,1,0,4,0,RUN;SOURCE;SEGMENT;OBSERVER;BUDGET;CONTEXT;HYPOTHESIS;OBSERVATION;PROVENANCE;HYPOTHESIS_SUPPORT;HYPOTHESIS_CONFIDENCE;AMBIGUITY;THEORY;SCHEMA;MATCHED_STATE;RULE;INVARIANT;COMPOSITION;SUPPORT;THEORY_EVIDENCE;SCORE;TRANSFORM;EQUIVALENCE;CONSEQUENCE;FRONTIER;FRONTIER_MEMBER;DOMAIN_WEIGHT;ALIGNMENT,manuscript:1
manuscript-revision-cycle,manuscript,3,rich,canonical-cnl,manuscript_revision_cycle_p3_rich,404,manuscript,1,0,4,0,RUN;SOURCE;SEGMENT;OBSERVER;BUDGET;CONTEXT;HYPOTHESIS;OBSERVATION;PROVENANCE;HYPOTHESIS_SUPPORT;HYPOTHESIS_CONFIDENCE;AMBIGUITY;THEORY;SCHEMA;MATCHED_STATE;RULE;INVARIANT;COMPOSITION;SUPPORT;THEORY_EVIDENCE;SCORE;TRANSFORM;EQUIVALENCE;CONSEQUENCE;FRONTIER;FRONTIER_MEMBER;DOMAIN_WEIGHT;ALIGNMENT,manuscript:1
manuscript-revision-cycle,manuscript,4,coarse,canonical-cnl,manuscript_revision_cycle_p4_coarse,417,manuscript,1,0,4,0,RUN;SOURCE;SEGMENT;OBSERVER;BUDGET;CONTEXT;HYPOTHESIS;OBSERVATION;PROVENANCE;HYPOTHESIS_SUPPORT;HYPOTHESIS_CONFIDENCE;AMBIGUITY;THEORY;SCHEMA;MATCHED_STATE;RULE;INVARIANT;COMPOSITION;SUPPORT;THEORY_EVIDENCE;SCORE;TRANSFORM;EQUIVALENCE;CONSEQUENCE;FRONTIER;FRONTIER_MEMBER;DOMAIN_WEIGHT;ALIGNMENT,manuscript:1
manuscript-revision-cycle,manuscript,4,rich,canonical-cnl,manuscript_revision_cycle_p4_rich,434,manuscript,1,0,3,0,RUN;SOURCE;SEGMENT;OBSERVER;BUDGET;CONTEXT;HYPOTHESIS;OBSERVATION;PROVENANCE;HYPOTHESIS_SUPPORT;HYPOTHESIS_CONFIDENCE;AMBIGUITY;THEORY;SCHEMA;MATCHED_STATE;RULE;INVARIANT;COMPOSITION;SUPPORT;THEORY_EVIDENCE;SCORE;TRANSFORM;EQUIVALENCE;CONSEQUENCE;FRONTIER;FRONTIER_MEMBER;DOMAIN_WEIGHT;ALIGNMENT,manuscript:1
manuscript-accepted,manuscript,1,coarse,canonical-cnl,manuscript_accepted_p1_coarse,383,package,0,1.255,6,1,RUN;SOURCE;SEGMENT;OBSERVER;BUDGET;CONTEXT;HYPOTHESIS;OBSERVATION;PROVENANCE;HYPOTHESIS_SUPPORT;HYPOTHESIS_CONFIDENCE;AMBIGUITY;THEORY;SCHEMA;MATCHED_STATE;RULE;INVARIANT;COMPOSITION;SUPPORT;THEORY_EVIDENCE;SCORE;TRANSFORM;EQUIVALENCE;CONSEQUENCE;FRONTIER;FRONTIER_MEMBER;DOMAIN_WEIGHT;QUESTION;QUESTION_CLASS;ALIGNMENT,package:0.665;manuscript:0.168;sample:0.168
manuscript-accepted,manuscript,1,rich,canonical-cnl,manuscript_accepted_p1_rich,358,manuscript,1,0,4,0,RUN;SOURCE;SEGMENT;OBSERVER;BUDGET;CONTEXT;HYPOTHESIS;OBSERVATION;PROVENANCE;HYPOTHESIS_SUPPORT;HYPOTHESIS_CONFIDENCE;AMBIGUITY;THEORY;SCHEMA;MATCHED_STATE;RULE;INVARIANT;COMPOSITION;SUPPORT;THEORY_EVIDENCE;SCORE;TRANSFORM;EQUIVALENCE;CONSEQUENCE;FRONTIER;FRONTIER_MEMBER;DOMAIN_WEIGHT;ALIGNMENT,manuscript:1
manuscript-accepted,manuscript,2,coarse,canonical-cnl,manuscript_accepted_p2_coarse,417,package,0,1.239,3,1,RUN;SOURCE;SEGMENT;OBSERVER;BUDGET;CONTEXT;HYPOTHESIS;OBSERVATION;PROVENANCE;HYPOTHESIS_SUPPORT;HYPOTHESIS_CONFIDENCE;AMBIGUITY;THEORY;SCHEMA;MATCHED_STATE;RULE;INVARIANT;COMPOSITION;SUPPORT;THEORY_EVIDENCE;SCORE;TRANSFORM;EQUIVALENCE;CONSEQUENCE;FRONTIER;FRONTIER_MEMBER;DOMAIN_WEIGHT;QUESTION;QUESTION_CLASS;ALIGNMENT,package:0.673;manuscript:0.164;sample:0.164
manuscript-accepted,manuscript,2,rich,canonical-cnl,manuscript_accepted_p2_rich,383,manuscript,1,0,4,0,RUN;SOURCE;SEGMENT;OBSERVER;BUDGET;CONTEXT;HYPOTHESIS;OBSERVATION;PROVENANCE;HYPOTHESIS_SUPPORT;HYPOTHESIS_CONFIDENCE;AMBIGUITY;THEORY;SCHEMA;MATCHED_STATE;RULE;INVARIANT;COMPOSITION;SUPPORT;THEORY_EVIDENCE;SCORE;TRANSFORM;EQUIVALENCE;CONSEQUENCE;FRONTIER;FRONTIER_MEMBER;DOMAIN_WEIGHT;ALIGNMENT,manuscript:1
manuscript-accepted,manuscript,3,coarse,canonical-cnl,manuscript_accepted_p3_coarse,384,manuscript,1,0,4,0,RUN;SOURCE;SEGMENT;OBSERVER;BUDGET;CONTEXT;HYPOTHESIS;OBSERVATION;PROVENANCE;HYPOTHESIS_SUPPORT;HYPOTHESIS_CONFIDENCE;AMBIGUITY;THEORY;SCHEMA;MATCHED_STATE;RULE;INVARIANT;COMPOSITION;SUPPORT;THEORY_EVIDENCE;SCORE;TRANSFORM;EQUIVALENCE;CONSEQUENCE;FRONTIER;FRONTIER_MEMBER;DOMAIN_WEIGHT;ALIGNMENT,manuscript:1
manuscript-accepted,manuscript,3,rich,canonical-cnl,manuscript_accepted_p3_rich,400,manuscript,1,0,4,0,RUN;SOURCE;SEGMENT;OBSERVER;BUDGET;CONTEXT;HYPOTHESIS;OBSERVATION;PROVENANCE;HYPOTHESIS_SUPPORT;HYPOTHESIS_CONFIDENCE;AMBIGUITY;THEORY;SCHEMA;MATCHED_STATE;RULE;INVARIANT;COMPOSITION;SUPPORT;THEORY_EVIDENCE;SCORE;TRANSFORM;EQUIVALENCE;CONSEQUENCE;FRONTIER;FRONTIER_MEMBER;DOMAIN_WEIGHT;ALIGNMENT,manuscript:1
manuscript-accepted,manuscript,4,coarse,canonical-cnl,manuscript_accepted_p4_coarse,409,manuscript,1,0,4,0,RUN;SOURCE;SEGMENT;OBSERVER;BUDGET;CONTEXT;HYPOTHESIS;OBSERVATION;PROVENANCE;HYPOTHESIS_SUPPORT;HYPOTHESIS_CONFIDENCE;AMBIGUITY;THEORY;SCHEMA;MATCHED_STATE;RULE;INVARIANT;COMPOSITION;SUPPORT;THEORY_EVIDENCE;SCORE;TRANSFORM;EQUIVALENCE;CONSEQUENCE;FRONTIER;FRONTIER_MEMBER;DOMAIN_WEIGHT;ALIGNMENT,manuscript:1
manuscript-accepted,manuscript,4,rich,canonical-cnl,manuscript_accepted_p4_rich,422,manuscript,1,0,3,0,RUN;SOURCE;SEGMENT;OBSERVER;BUDGET;CONTEXT;HYPOTHESIS;OBSERVATION;PROVENANCE;HYPOTHESIS_SUPPORT;HYPOTHESIS_CONFIDENCE;AMBIGUITY;THEORY;SCHEMA;MATCHED_STATE;RULE;INVARIANT;COMPOSITION;SUPPORT;THEORY_EVIDENCE;SCORE;TRANSFORM;EQUIVALENCE;CONSEQUENCE;FRONTIER;FRONTIER_MEMBER;DOMAIN_WEIGHT;ALIGNMENT,manuscript:1