case_id,case_group,prefix_depth,ground_truth_domain,usage_mode,canonical_run_id,canonical_families,predicted_domain,top_weight,domain_entropy,frontier_width,support_gap,uncertainty_score,open_set_candidate,false_closure_risk,question_available,recommended_question
clinical-enrollment,open-set,2,clinical,canonical-cnl,clinical-enrollment_clean_p2_rich,RUN|SOURCE|SEGMENT|OBSERVER|BUDGET|CONTEXT|HYPOTHESIS|OBSERVATION|PROVENANCE|HYPOTHESIS_SUPPORT|HYPOTHESIS_CONFIDENCE|AMBIGUITY|THEORY|SCHEMA|MATCHED_STATE|RULE|INVARIANT|COMPOSITION|SUPPORT|THEORY_EVIDENCE|SCORE|TRANSFORM|EQUIVALENCE|CONSEQUENCE|FRONTIER|FRONTIER_MEMBER|DOMAIN_WEIGHT|QUESTION|QUESTION_CLASS|QUESTION_ANSWER|QUESTION_PARTITION|ALIGNMENT,package,0.512,1.974,8,0,1,1,0,1,package-dispatch
clinical-enrollment,open-set,3,clinical,canonical-cnl,clinical-enrollment_clean_p3_rich,RUN|SOURCE|SEGMENT|OBSERVER|BUDGET|CONTEXT|HYPOTHESIS|OBSERVATION|PROVENANCE|HYPOTHESIS_SUPPORT|HYPOTHESIS_CONFIDENCE|AMBIGUITY|THEORY|SCHEMA|MATCHED_STATE|RULE|INVARIANT|COMPOSITION|SUPPORT|THEORY_EVIDENCE|SCORE|TRANSFORM|EQUIVALENCE|CONSEQUENCE|FRONTIER|FRONTIER_MEMBER|DOMAIN_WEIGHT|QUESTION|QUESTION_CLASS|QUESTION_ANSWER|QUESTION_PARTITION|ALIGNMENT,package,0.512,1.974,8,0,1,1,0,1,package-dispatch
clinical-enrollment,open-set,4,clinical,canonical-cnl,clinical-enrollment_clean_p4_rich,RUN|SOURCE|SEGMENT|OBSERVER|BUDGET|CONTEXT|HYPOTHESIS|OBSERVATION|PROVENANCE|HYPOTHESIS_SUPPORT|HYPOTHESIS_CONFIDENCE|AMBIGUITY|THEORY|SCHEMA|MATCHED_STATE|RULE|INVARIANT|COMPOSITION|SUPPORT|THEORY_EVIDENCE|SCORE|TRANSFORM|EQUIVALENCE|CONSEQUENCE|FRONTIER|FRONTIER_MEMBER|DOMAIN_WEIGHT|QUESTION|QUESTION_CLASS|QUESTION_ANSWER|QUESTION_PARTITION|ALIGNMENT,package,0.512,1.975,8,0,1,1,0,1,package-dispatch
clinical-consent,open-set,2,clinical,canonical-cnl,clinical-consent_clean_p2_rich,RUN|SOURCE|SEGMENT|OBSERVER|BUDGET|CONTEXT|HYPOTHESIS|OBSERVATION|PROVENANCE|HYPOTHESIS_SUPPORT|HYPOTHESIS_CONFIDENCE|AMBIGUITY|THEORY|SCHEMA|MATCHED_STATE|RULE|INVARIANT|COMPOSITION|SUPPORT|THEORY_EVIDENCE|SCORE|TRANSFORM|EQUIVALENCE|CONSEQUENCE|FRONTIER|FRONTIER_MEMBER|DOMAIN_WEIGHT|QUESTION|QUESTION_CLASS|QUESTION_ANSWER|QUESTION_PARTITION|ALIGNMENT,package,0.586,1.634,7,0,0.8,1,0,1,package-dispatch
clinical-consent,open-set,3,clinical,canonical-cnl,clinical-consent_clean_p3_rich,RUN|SOURCE|SEGMENT|OBSERVER|BUDGET|CONTEXT|HYPOTHESIS|OBSERVATION|PROVENANCE|HYPOTHESIS_SUPPORT|HYPOTHESIS_CONFIDENCE|AMBIGUITY|THEORY|SCHEMA|MATCHED_STATE|RULE|INVARIANT|COMPOSITION|SUPPORT|THEORY_EVIDENCE|SCORE|TRANSFORM|EQUIVALENCE|CONSEQUENCE|FRONTIER|FRONTIER_MEMBER|DOMAIN_WEIGHT|ALIGNMENT,manuscript,1,0,4,0.372,0.2,0,0,0,
clinical-consent,open-set,4,clinical,canonical-cnl,clinical-consent_clean_p4_rich,RUN|SOURCE|SEGMENT|OBSERVER|BUDGET|CONTEXT|HYPOTHESIS|OBSERVATION|PROVENANCE|HYPOTHESIS_SUPPORT|HYPOTHESIS_CONFIDENCE|AMBIGUITY|THEORY|SCHEMA|MATCHED_STATE|RULE|INVARIANT|COMPOSITION|SUPPORT|THEORY_EVIDENCE|SCORE|TRANSFORM|EQUIVALENCE|CONSEQUENCE|FRONTIER|FRONTIER_MEMBER|DOMAIN_WEIGHT|ALIGNMENT,manuscript,1,0,4,0.372,0.2,0,0,0,
legal-intake,open-set,2,legal,canonical-cnl,legal-intake_clean_p2_rich,RUN|SOURCE|SEGMENT|OBSERVER|BUDGET|CONTEXT|HYPOTHESIS|OBSERVATION|PROVENANCE|HYPOTHESIS_SUPPORT|HYPOTHESIS_CONFIDENCE|AMBIGUITY|THEORY|SCHEMA|MATCHED_STATE|RULE|INVARIANT|COMPOSITION|SUPPORT|THEORY_EVIDENCE|SCORE|TRANSFORM|EQUIVALENCE|CONSEQUENCE|FRONTIER|FRONTIER_MEMBER|DOMAIN_WEIGHT|QUESTION|QUESTION_CLASS|QUESTION_ANSWER|QUESTION_PARTITION|ALIGNMENT,package,0.512,1.974,8,0,1,1,0,1,package-dispatch
legal-intake,open-set,3,legal,canonical-cnl,legal-intake_clean_p3_rich,RUN|SOURCE|SEGMENT|OBSERVER|BUDGET|CONTEXT|HYPOTHESIS|OBSERVATION|PROVENANCE|HYPOTHESIS_SUPPORT|HYPOTHESIS_CONFIDENCE|AMBIGUITY|THEORY|SCHEMA|MATCHED_STATE|RULE|INVARIANT|COMPOSITION|SUPPORT|THEORY_EVIDENCE|SCORE|TRANSFORM|EQUIVALENCE|CONSEQUENCE|FRONTIER|FRONTIER_MEMBER|DOMAIN_WEIGHT|ALIGNMENT,manuscript,1,0,4,0.372,0.2,0,0,0,
legal-intake,open-set,4,legal,canonical-cnl,legal-intake_clean_p4_rich,RUN|SOURCE|SEGMENT|OBSERVER|BUDGET|CONTEXT|HYPOTHESIS|OBSERVATION|PROVENANCE|HYPOTHESIS_SUPPORT|HYPOTHESIS_CONFIDENCE|AMBIGUITY|THEORY|SCHEMA|MATCHED_STATE|RULE|INVARIANT|COMPOSITION|SUPPORT|THEORY_EVIDENCE|SCORE|TRANSFORM|EQUIVALENCE|CONSEQUENCE|FRONTIER|FRONTIER_MEMBER|DOMAIN_WEIGHT|ALIGNMENT,manuscript,1,0,4,0.372,0.2,0,0,0,
legal-escalation,open-set,2,legal,canonical-cnl,legal-escalation_clean_p2_rich,RUN|SOURCE|SEGMENT|OBSERVER|BUDGET|CONTEXT|HYPOTHESIS|OBSERVATION|PROVENANCE|HYPOTHESIS_SUPPORT|HYPOTHESIS_CONFIDENCE|AMBIGUITY|THEORY|SCHEMA|MATCHED_STATE|RULE|INVARIANT|COMPOSITION|SUPPORT|THEORY_EVIDENCE|SCORE|TRANSFORM|EQUIVALENCE|CONSEQUENCE|FRONTIER|FRONTIER_MEMBER|DOMAIN_WEIGHT|QUESTION|QUESTION_CLASS|QUESTION_ANSWER|QUESTION_PARTITION|ALIGNMENT,package,0.512,1.974,8,0,1,1,0,1,package-dispatch
legal-escalation,open-set,3,legal,canonical-cnl,legal-escalation_clean_p3_rich,RUN|SOURCE|SEGMENT|OBSERVER|BUDGET|CONTEXT|HYPOTHESIS|OBSERVATION|PROVENANCE|HYPOTHESIS_SUPPORT|HYPOTHESIS_CONFIDENCE|AMBIGUITY|THEORY|SCHEMA|MATCHED_STATE|RULE|INVARIANT|COMPOSITION|SUPPORT|THEORY_EVIDENCE|SCORE|TRANSFORM|EQUIVALENCE|CONSEQUENCE|FRONTIER|FRONTIER_MEMBER|DOMAIN_WEIGHT|QUESTION|QUESTION_CLASS|QUESTION_ANSWER|QUESTION_PARTITION|ALIGNMENT,procurement,0.795,0.732,5,0,0.6,1,0,1,manuscript-review
legal-escalation,open-set,4,legal,canonical-cnl,legal-escalation_clean_p4_rich,RUN|SOURCE|SEGMENT|OBSERVER|BUDGET|CONTEXT|HYPOTHESIS|OBSERVATION|PROVENANCE|HYPOTHESIS_SUPPORT|HYPOTHESIS_CONFIDENCE|AMBIGUITY|THEORY|SCHEMA|MATCHED_STATE|RULE|INVARIANT|COMPOSITION|SUPPORT|THEORY_EVIDENCE|SCORE|TRANSFORM|EQUIVALENCE|CONSEQUENCE|FRONTIER|FRONTIER_MEMBER|DOMAIN_WEIGHT|QUESTION|QUESTION_CLASS|QUESTION_ANSWER|QUESTION_PARTITION|ALIGNMENT,procurement,0.795,0.732,5,0,0.6,1,0,1,manuscript-review
quality-nonconformance,open-set,2,quality,canonical-cnl,quality-nonconformance_clean_p2_rich,RUN|SOURCE|SEGMENT|OBSERVER|BUDGET|CONTEXT|HYPOTHESIS|OBSERVATION|PROVENANCE|HYPOTHESIS_SUPPORT|HYPOTHESIS_CONFIDENCE|AMBIGUITY|THEORY|SCHEMA|MATCHED_STATE|RULE|INVARIANT|COMPOSITION|SUPPORT|THEORY_EVIDENCE|SCORE|TRANSFORM|EQUIVALENCE|CONSEQUENCE|FRONTIER|FRONTIER_MEMBER|DOMAIN_WEIGHT|QUESTION|QUESTION_CLASS|QUESTION_ANSWER|QUESTION_PARTITION|ALIGNMENT,package,0.586,1.634,7,0,0.8,1,0,1,package-dispatch
quality-nonconformance,open-set,3,quality,canonical-cnl,quality-nonconformance_clean_p3_rich,RUN|SOURCE|SEGMENT|OBSERVER|BUDGET|CONTEXT|HYPOTHESIS|OBSERVATION|PROVENANCE|HYPOTHESIS_SUPPORT|HYPOTHESIS_CONFIDENCE|AMBIGUITY|THEORY|SCHEMA|MATCHED_STATE|RULE|INVARIANT|COMPOSITION|SUPPORT|THEORY_EVIDENCE|SCORE|TRANSFORM|EQUIVALENCE|CONSEQUENCE|FRONTIER|FRONTIER_MEMBER|DOMAIN_WEIGHT|ALIGNMENT,manuscript,1,0,4,0.372,0.2,0,0,0,
quality-nonconformance,open-set,4,quality,canonical-cnl,quality-nonconformance_clean_p4_rich,RUN|SOURCE|SEGMENT|OBSERVER|BUDGET|CONTEXT|HYPOTHESIS|OBSERVATION|PROVENANCE|HYPOTHESIS_SUPPORT|HYPOTHESIS_CONFIDENCE|AMBIGUITY|THEORY|SCHEMA|MATCHED_STATE|RULE|INVARIANT|COMPOSITION|SUPPORT|THEORY_EVIDENCE|SCORE|TRANSFORM|EQUIVALENCE|CONSEQUENCE|FRONTIER|FRONTIER_MEMBER|DOMAIN_WEIGHT|ALIGNMENT,manuscript,1,0,4,0.372,0.2,0,0,0,
quality-release,open-set,2,quality,canonical-cnl,quality-release_clean_p2_rich,RUN|SOURCE|SEGMENT|OBSERVER|BUDGET|CONTEXT|HYPOTHESIS|OBSERVATION|PROVENANCE|HYPOTHESIS_SUPPORT|HYPOTHESIS_CONFIDENCE|AMBIGUITY|THEORY|SCHEMA|MATCHED_STATE|RULE|INVARIANT|COMPOSITION|SUPPORT|THEORY_EVIDENCE|SCORE|TRANSFORM|EQUIVALENCE|CONSEQUENCE|FRONTIER|FRONTIER_MEMBER|DOMAIN_WEIGHT|ALIGNMENT,maintenance,1,0,4,0.352,0.2,0,0,0,
quality-release,open-set,3,quality,canonical-cnl,quality-release_clean_p3_rich,RUN|SOURCE|SEGMENT|OBSERVER|BUDGET|CONTEXT|HYPOTHESIS|OBSERVATION|PROVENANCE|HYPOTHESIS_SUPPORT|HYPOTHESIS_CONFIDENCE|AMBIGUITY|THEORY|SCHEMA|MATCHED_STATE|RULE|INVARIANT|COMPOSITION|SUPPORT|THEORY_EVIDENCE|SCORE|TRANSFORM|EQUIVALENCE|CONSEQUENCE|FRONTIER|FRONTIER_MEMBER|DOMAIN_WEIGHT|QUESTION|QUESTION_CLASS|QUESTION_ANSWER|QUESTION_PARTITION|ALIGNMENT,maintenance,0.828,0.663,5,0.02,0.6,1,0,1,maintenance-repair
quality-release,open-set,4,quality,canonical-cnl,quality-release_clean_p4_rich,RUN|SOURCE|SEGMENT|OBSERVER|BUDGET|CONTEXT|HYPOTHESIS|OBSERVATION|PROVENANCE|HYPOTHESIS_SUPPORT|HYPOTHESIS_CONFIDENCE|AMBIGUITY|THEORY|SCHEMA|MATCHED_STATE|RULE|INVARIANT|COMPOSITION|SUPPORT|THEORY_EVIDENCE|SCORE|TRANSFORM|EQUIVALENCE|CONSEQUENCE|FRONTIER|FRONTIER_MEMBER|DOMAIN_WEIGHT|QUESTION|QUESTION_CLASS|QUESTION_ANSWER|QUESTION_PARTITION|ALIGNMENT,maintenance,0.851,0.608,5,0.02,0.6,1,0,1,maintenance-repair
logistics-routing,open-set,2,logistics,canonical-cnl,logistics-routing_clean_p2_rich,RUN|SOURCE|SEGMENT|OBSERVER|BUDGET|CONTEXT|HYPOTHESIS|OBSERVATION|PROVENANCE|HYPOTHESIS_SUPPORT|HYPOTHESIS_CONFIDENCE|AMBIGUITY|THEORY|SCHEMA|MATCHED_STATE|RULE|INVARIANT|COMPOSITION|SUPPORT|THEORY_EVIDENCE|SCORE|TRANSFORM|EQUIVALENCE|CONSEQUENCE|FRONTIER|FRONTIER_MEMBER|DOMAIN_WEIGHT|QUESTION|QUESTION_CLASS|QUESTION_ANSWER|QUESTION_PARTITION|ALIGNMENT,package,0.512,1.974,8,0,1,1,0,1,package-dispatch
logistics-routing,open-set,3,logistics,canonical-cnl,logistics-routing_clean_p3_rich,RUN|SOURCE|SEGMENT|OBSERVER|BUDGET|CONTEXT|HYPOTHESIS|OBSERVATION|PROVENANCE|HYPOTHESIS_SUPPORT|HYPOTHESIS_CONFIDENCE|AMBIGUITY|THEORY|SCHEMA|MATCHED_STATE|RULE|INVARIANT|COMPOSITION|SUPPORT|THEORY_EVIDENCE|SCORE|TRANSFORM|EQUIVALENCE|CONSEQUENCE|FRONTIER|FRONTIER_MEMBER|DOMAIN_WEIGHT|QUESTION|QUESTION_CLASS|QUESTION_ANSWER|QUESTION_PARTITION|ALIGNMENT,package,0.512,1.974,8,0,1,1,0,1,package-dispatch
logistics-routing,open-set,4,logistics,canonical-cnl,logistics-routing_clean_p4_rich,RUN|SOURCE|SEGMENT|OBSERVER|BUDGET|CONTEXT|HYPOTHESIS|OBSERVATION|PROVENANCE|HYPOTHESIS_SUPPORT|HYPOTHESIS_CONFIDENCE|AMBIGUITY|THEORY|SCHEMA|MATCHED_STATE|RULE|INVARIANT|COMPOSITION|SUPPORT|THEORY_EVIDENCE|SCORE|TRANSFORM|EQUIVALENCE|CONSEQUENCE|FRONTIER|FRONTIER_MEMBER|DOMAIN_WEIGHT|ALIGNMENT,package,1,0,4,0.372,0.2,0,0,0,
logistics-customs,open-set,2,logistics,canonical-cnl,logistics-customs_clean_p2_rich,RUN|SOURCE|SEGMENT|OBSERVER|BUDGET|CONTEXT|HYPOTHESIS|OBSERVATION|PROVENANCE|HYPOTHESIS_SUPPORT|HYPOTHESIS_CONFIDENCE|AMBIGUITY|THEORY|SCHEMA|MATCHED_STATE|RULE|INVARIANT|COMPOSITION|SUPPORT|THEORY_EVIDENCE|SCORE|TRANSFORM|EQUIVALENCE|CONSEQUENCE|FRONTIER|FRONTIER_MEMBER|DOMAIN_WEIGHT|QUESTION|QUESTION_CLASS|QUESTION_ANSWER|QUESTION_PARTITION|ALIGNMENT,package,0.512,1.974,8,0,1,1,0,1,package-dispatch
logistics-customs,open-set,3,logistics,canonical-cnl,logistics-customs_clean_p3_rich,RUN|SOURCE|SEGMENT|OBSERVER|BUDGET|CONTEXT|HYPOTHESIS|OBSERVATION|PROVENANCE|HYPOTHESIS_SUPPORT|HYPOTHESIS_CONFIDENCE|AMBIGUITY|THEORY|SCHEMA|MATCHED_STATE|RULE|INVARIANT|COMPOSITION|SUPPORT|THEORY_EVIDENCE|SCORE|TRANSFORM|EQUIVALENCE|CONSEQUENCE|FRONTIER|FRONTIER_MEMBER|DOMAIN_WEIGHT|ALIGNMENT,manuscript,1,0,4,0.372,0.2,0,0,0,
logistics-customs,open-set,4,logistics,canonical-cnl,logistics-customs_clean_p4_rich,RUN|SOURCE|SEGMENT|OBSERVER|BUDGET|CONTEXT|HYPOTHESIS|OBSERVATION|PROVENANCE|HYPOTHESIS_SUPPORT|HYPOTHESIS_CONFIDENCE|AMBIGUITY|THEORY|SCHEMA|MATCHED_STATE|RULE|INVARIANT|COMPOSITION|SUPPORT|THEORY_EVIDENCE|SCORE|TRANSFORM|EQUIVALENCE|CONSEQUENCE|FRONTIER|FRONTIER_MEMBER|DOMAIN_WEIGHT|ALIGNMENT,manuscript,1,0,4,0.372,0.2,0,0,0,
hiring-onboarding,open-set,2,hiring,canonical-cnl,hiring-onboarding_clean_p2_rich,RUN|SOURCE|SEGMENT|OBSERVER|BUDGET|CONTEXT|HYPOTHESIS|OBSERVATION|PROVENANCE|HYPOTHESIS_SUPPORT|HYPOTHESIS_CONFIDENCE|AMBIGUITY|THEORY|SCHEMA|MATCHED_STATE|RULE|INVARIANT|COMPOSITION|SUPPORT|THEORY_EVIDENCE|SCORE|TRANSFORM|EQUIVALENCE|CONSEQUENCE|FRONTIER|FRONTIER_MEMBER|DOMAIN_WEIGHT|QUESTION|QUESTION_CLASS|QUESTION_ANSWER|QUESTION_PARTITION|ALIGNMENT,package,0.586,1.634,7,0,0.8,1,0,1,package-dispatch
hiring-onboarding,open-set,3,hiring,canonical-cnl,hiring-onboarding_clean_p3_rich,RUN|SOURCE|SEGMENT|OBSERVER|BUDGET|CONTEXT|HYPOTHESIS|OBSERVATION|PROVENANCE|HYPOTHESIS_SUPPORT|HYPOTHESIS_CONFIDENCE|AMBIGUITY|THEORY|SCHEMA|MATCHED_STATE|RULE|INVARIANT|COMPOSITION|SUPPORT|THEORY_EVIDENCE|SCORE|TRANSFORM|EQUIVALENCE|CONSEQUENCE|FRONTIER|FRONTIER_MEMBER|DOMAIN_WEIGHT|ALIGNMENT,manuscript,1,0,4,0.372,0.2,0,0,0,
hiring-onboarding,open-set,4,hiring,canonical-cnl,hiring-onboarding_clean_p4_rich,RUN|SOURCE|SEGMENT|OBSERVER|BUDGET|CONTEXT|HYPOTHESIS|OBSERVATION|PROVENANCE|HYPOTHESIS_SUPPORT|HYPOTHESIS_CONFIDENCE|AMBIGUITY|THEORY|SCHEMA|MATCHED_STATE|RULE|INVARIANT|COMPOSITION|SUPPORT|THEORY_EVIDENCE|SCORE|TRANSFORM|EQUIVALENCE|CONSEQUENCE|FRONTIER|FRONTIER_MEMBER|DOMAIN_WEIGHT|ALIGNMENT,manuscript,1,0,4,0.372,0.2,0,0,0,
hiring-clearance,open-set,2,hiring,canonical-cnl,hiring-clearance_clean_p2_rich,RUN|SOURCE|SEGMENT|OBSERVER|BUDGET|CONTEXT|HYPOTHESIS|OBSERVATION|PROVENANCE|HYPOTHESIS_SUPPORT|HYPOTHESIS_CONFIDENCE|AMBIGUITY|THEORY|SCHEMA|MATCHED_STATE|RULE|INVARIANT|COMPOSITION|SUPPORT|THEORY_EVIDENCE|SCORE|TRANSFORM|EQUIVALENCE|CONSEQUENCE|FRONTIER|FRONTIER_MEMBER|DOMAIN_WEIGHT|QUESTION|QUESTION_CLASS|QUESTION_ANSWER|QUESTION_PARTITION|ALIGNMENT,package,0.513,1.972,8,0,1,1,0,1,package-dispatch
hiring-clearance,open-set,3,hiring,canonical-cnl,hiring-clearance_clean_p3_rich,RUN|SOURCE|SEGMENT|OBSERVER|BUDGET|CONTEXT|HYPOTHESIS|OBSERVATION|PROVENANCE|HYPOTHESIS_SUPPORT|HYPOTHESIS_CONFIDENCE|AMBIGUITY|THEORY|SCHEMA|MATCHED_STATE|RULE|INVARIANT|COMPOSITION|SUPPORT|THEORY_EVIDENCE|SCORE|TRANSFORM|EQUIVALENCE|CONSEQUENCE|FRONTIER|FRONTIER_MEMBER|DOMAIN_WEIGHT|ALIGNMENT,procurement,1,0,4,0.372,0.2,0,0,0,
hiring-clearance,open-set,4,hiring,canonical-cnl,hiring-clearance_clean_p4_rich,RUN|SOURCE|SEGMENT|OBSERVER|BUDGET|CONTEXT|HYPOTHESIS|OBSERVATION|PROVENANCE|HYPOTHESIS_SUPPORT|HYPOTHESIS_CONFIDENCE|AMBIGUITY|THEORY|SCHEMA|MATCHED_STATE|RULE|INVARIANT|COMPOSITION|SUPPORT|THEORY_EVIDENCE|SCORE|TRANSFORM|EQUIVALENCE|CONSEQUENCE|FRONTIER|FRONTIER_MEMBER|DOMAIN_WEIGHT|ALIGNMENT,procurement,1,0,4,0.372,0.2,0,0,0,
hybrid-package-sample,hybrid,2,,canonical-cnl,hybrid-package-sample_clean_p2_rich,RUN|SOURCE|SEGMENT|OBSERVER|BUDGET|CONTEXT|HYPOTHESIS|OBSERVATION|PROVENANCE|HYPOTHESIS_SUPPORT|HYPOTHESIS_CONFIDENCE|AMBIGUITY|THEORY|SCHEMA|MATCHED_STATE|RULE|INVARIANT|COMPOSITION|SUPPORT|THEORY_EVIDENCE|SCORE|TRANSFORM|EQUIVALENCE|CONSEQUENCE|FRONTIER|FRONTIER_MEMBER|DOMAIN_WEIGHT|QUESTION|QUESTION_CLASS|QUESTION_ANSWER|QUESTION_PARTITION|ALIGNMENT,sample,0.536,0.996,8,0.112,1,1,0,1,package-dispatch
hybrid-package-sample,hybrid,3,,canonical-cnl,hybrid-package-sample_clean_p3_rich,RUN|SOURCE|SEGMENT|OBSERVER|BUDGET|CONTEXT|HYPOTHESIS|OBSERVATION|PROVENANCE|HYPOTHESIS_SUPPORT|HYPOTHESIS_CONFIDENCE|AMBIGUITY|THEORY|SCHEMA|MATCHED_STATE|RULE|INVARIANT|COMPOSITION|SUPPORT|THEORY_EVIDENCE|SCORE|TRANSFORM|EQUIVALENCE|CONSEQUENCE|FRONTIER|FRONTIER_MEMBER|DOMAIN_WEIGHT|QUESTION|QUESTION_CLASS|QUESTION_ANSWER|QUESTION_PARTITION|ALIGNMENT,sample,0.801,0.721,5,0,0.6,1,0,1,package-dispatch
hybrid-package-sample,hybrid,4,,canonical-cnl,hybrid-package-sample_clean_p4_rich,RUN|SOURCE|SEGMENT|OBSERVER|BUDGET|CONTEXT|HYPOTHESIS|OBSERVATION|PROVENANCE|HYPOTHESIS_SUPPORT|HYPOTHESIS_CONFIDENCE|AMBIGUITY|THEORY|SCHEMA|MATCHED_STATE|RULE|INVARIANT|COMPOSITION|SUPPORT|THEORY_EVIDENCE|SCORE|TRANSFORM|EQUIVALENCE|CONSEQUENCE|FRONTIER|FRONTIER_MEMBER|DOMAIN_WEIGHT|ALIGNMENT,package,1,0,4,0.3,0.2,0,0,0,
hybrid-manuscript-compliance,hybrid,2,,canonical-cnl,hybrid-manuscript-compliance_clean_p2_rich,RUN|SOURCE|SEGMENT|OBSERVER|BUDGET|CONTEXT|HYPOTHESIS|OBSERVATION|PROVENANCE|HYPOTHESIS_SUPPORT|HYPOTHESIS_CONFIDENCE|AMBIGUITY|THEORY|SCHEMA|MATCHED_STATE|RULE|INVARIANT|COMPOSITION|SUPPORT|THEORY_EVIDENCE|SCORE|TRANSFORM|EQUIVALENCE|CONSEQUENCE|FRONTIER|FRONTIER_MEMBER|DOMAIN_WEIGHT|QUESTION|QUESTION_CLASS|QUESTION_ANSWER|QUESTION_PARTITION|ALIGNMENT,manuscript,0.828,0.662,5,0,0.6,1,0,1,compliance-exception
hybrid-manuscript-compliance,hybrid,3,,canonical-cnl,hybrid-manuscript-compliance_clean_p3_rich,RUN|SOURCE|SEGMENT|OBSERVER|BUDGET|CONTEXT|HYPOTHESIS|OBSERVATION|PROVENANCE|HYPOTHESIS_SUPPORT|HYPOTHESIS_CONFIDENCE|AMBIGUITY|THEORY|SCHEMA|MATCHED_STATE|RULE|INVARIANT|COMPOSITION|SUPPORT|THEORY_EVIDENCE|SCORE|TRANSFORM|EQUIVALENCE|CONSEQUENCE|FRONTIER|FRONTIER_MEMBER|DOMAIN_WEIGHT|ALIGNMENT,manuscript,1,0,4,0.24,0.2,0,0,0,
hybrid-manuscript-compliance,hybrid,4,,canonical-cnl,hybrid-manuscript-compliance_clean_p4_rich,RUN|SOURCE|SEGMENT|OBSERVER|BUDGET|CONTEXT|HYPOTHESIS|OBSERVATION|PROVENANCE|HYPOTHESIS_SUPPORT|HYPOTHESIS_CONFIDENCE|AMBIGUITY|THEORY|SCHEMA|MATCHED_STATE|RULE|INVARIANT|COMPOSITION|SUPPORT|THEORY_EVIDENCE|SCORE|TRANSFORM|EQUIVALENCE|CONSEQUENCE|FRONTIER|FRONTIER_MEMBER|DOMAIN_WEIGHT|ALIGNMENT,manuscript,1,0,4,0.2,0.2,0,0,0,
hybrid-legal-quality,hybrid,2,,canonical-cnl,hybrid-legal-quality_clean_p2_rich,RUN|SOURCE|SEGMENT|OBSERVER|BUDGET|CONTEXT|HYPOTHESIS|OBSERVATION|PROVENANCE|HYPOTHESIS_SUPPORT|HYPOTHESIS_CONFIDENCE|AMBIGUITY|THEORY|SCHEMA|MATCHED_STATE|RULE|INVARIANT|COMPOSITION|SUPPORT|THEORY_EVIDENCE|SCORE|TRANSFORM|EQUIVALENCE|CONSEQUENCE|FRONTIER|FRONTIER_MEMBER|DOMAIN_WEIGHT|QUESTION|QUESTION_CLASS|QUESTION_ANSWER|QUESTION_PARTITION|ALIGNMENT,package,0.512,1.974,8,0,1,1,0,1,package-dispatch
hybrid-legal-quality,hybrid,3,,canonical-cnl,hybrid-legal-quality_clean_p3_rich,RUN|SOURCE|SEGMENT|OBSERVER|BUDGET|CONTEXT|HYPOTHESIS|OBSERVATION|PROVENANCE|HYPOTHESIS_SUPPORT|HYPOTHESIS_CONFIDENCE|AMBIGUITY|THEORY|SCHEMA|MATCHED_STATE|RULE|INVARIANT|COMPOSITION|SUPPORT|THEORY_EVIDENCE|SCORE|TRANSFORM|EQUIVALENCE|CONSEQUENCE|FRONTIER|FRONTIER_MEMBER|DOMAIN_WEIGHT|ALIGNMENT,manuscript,1,0,4,0.372,0.2,0,0,0,
hybrid-legal-quality,hybrid,4,,canonical-cnl,hybrid-legal-quality_clean_p4_rich,RUN|SOURCE|SEGMENT|OBSERVER|BUDGET|CONTEXT|HYPOTHESIS|OBSERVATION|PROVENANCE|HYPOTHESIS_SUPPORT|HYPOTHESIS_CONFIDENCE|AMBIGUITY|THEORY|SCHEMA|MATCHED_STATE|RULE|INVARIANT|COMPOSITION|SUPPORT|THEORY_EVIDENCE|SCORE|TRANSFORM|EQUIVALENCE|CONSEQUENCE|FRONTIER|FRONTIER_MEMBER|DOMAIN_WEIGHT|ALIGNMENT,manuscript,1,0,4,0.372,0.2,0,0,0,
hybrid-clinical-logistics,hybrid,2,,canonical-cnl,hybrid-clinical-logistics_clean_p2_rich,RUN|SOURCE|SEGMENT|OBSERVER|BUDGET|CONTEXT|HYPOTHESIS|OBSERVATION|PROVENANCE|HYPOTHESIS_SUPPORT|HYPOTHESIS_CONFIDENCE|AMBIGUITY|THEORY|SCHEMA|MATCHED_STATE|RULE|INVARIANT|COMPOSITION|SUPPORT|THEORY_EVIDENCE|SCORE|TRANSFORM|EQUIVALENCE|CONSEQUENCE|FRONTIER|FRONTIER_MEMBER|DOMAIN_WEIGHT|QUESTION|QUESTION_CLASS|QUESTION_ANSWER|QUESTION_PARTITION|ALIGNMENT,package,0.512,1.974,8,0,1,1,0,1,package-dispatch
hybrid-clinical-logistics,hybrid,3,,canonical-cnl,hybrid-clinical-logistics_clean_p3_rich,RUN|SOURCE|SEGMENT|OBSERVER|BUDGET|CONTEXT|HYPOTHESIS|OBSERVATION|PROVENANCE|HYPOTHESIS_SUPPORT|HYPOTHESIS_CONFIDENCE|AMBIGUITY|THEORY|SCHEMA|MATCHED_STATE|RULE|INVARIANT|COMPOSITION|SUPPORT|THEORY_EVIDENCE|SCORE|TRANSFORM|EQUIVALENCE|CONSEQUENCE|FRONTIER|FRONTIER_MEMBER|DOMAIN_WEIGHT|ALIGNMENT,manuscript,1,0,4,0.372,0.2,0,0,0,
hybrid-clinical-logistics,hybrid,4,,canonical-cnl,hybrid-clinical-logistics_clean_p4_rich,RUN|SOURCE|SEGMENT|OBSERVER|BUDGET|CONTEXT|HYPOTHESIS|OBSERVATION|PROVENANCE|HYPOTHESIS_SUPPORT|HYPOTHESIS_CONFIDENCE|AMBIGUITY|THEORY|SCHEMA|MATCHED_STATE|RULE|INVARIANT|COMPOSITION|SUPPORT|THEORY_EVIDENCE|SCORE|TRANSFORM|EQUIVALENCE|CONSEQUENCE|FRONTIER|FRONTIER_MEMBER|DOMAIN_WEIGHT|ALIGNMENT,manuscript,1,0,4,0.372,0.2,0,0,0,
package-manifest__controlled,in-domain,2,package,canonical-cnl,package-manifest__controlled_clean_p2_rich,RUN|SOURCE|SEGMENT|OBSERVER|BUDGET|CONTEXT|HYPOTHESIS|OBSERVATION|PROVENANCE|HYPOTHESIS_SUPPORT|HYPOTHESIS_CONFIDENCE|AMBIGUITY|THEORY|SCHEMA|MATCHED_STATE|RULE|INVARIANT|COMPOSITION|SUPPORT|THEORY_EVIDENCE|SCORE|TRANSFORM|EQUIVALENCE|CONSEQUENCE|FRONTIER|FRONTIER_MEMBER|DOMAIN_WEIGHT|ALIGNMENT,package,1,0,4,0.352,0.2,0,0,0,
package-manifest__controlled,in-domain,3,package,canonical-cnl,package-manifest__controlled_clean_p3_rich,RUN|SOURCE|SEGMENT|OBSERVER|BUDGET|CONTEXT|HYPOTHESIS|OBSERVATION|PROVENANCE|HYPOTHESIS_SUPPORT|HYPOTHESIS_CONFIDENCE|AMBIGUITY|THEORY|SCHEMA|MATCHED_STATE|RULE|INVARIANT|COMPOSITION|SUPPORT|THEORY_EVIDENCE|SCORE|TRANSFORM|EQUIVALENCE|CONSEQUENCE|FRONTIER|FRONTIER_MEMBER|DOMAIN_WEIGHT|ALIGNMENT,package,1,0,4,0.912,0.2,0,0,0,
package-manifest__controlled,in-domain,4,package,canonical-cnl,package-manifest__controlled_clean_p4_rich,RUN|SOURCE|SEGMENT|OBSERVER|BUDGET|CONTEXT|HYPOTHESIS|OBSERVATION|PROVENANCE|HYPOTHESIS_SUPPORT|HYPOTHESIS_CONFIDENCE|AMBIGUITY|THEORY|SCHEMA|MATCHED_STATE|RULE|INVARIANT|COMPOSITION|SUPPORT|THEORY_EVIDENCE|SCORE|TRANSFORM|EQUIVALENCE|CONSEQUENCE|FRONTIER|FRONTIER_MEMBER|DOMAIN_WEIGHT|ALIGNMENT,package,1,0,4,0.912,0.2,0,0,0,
package-manifest__paraphrased,in-domain,2,package,canonical-cnl,package-manifest__paraphrased_clean_p2_rich,RUN|SOURCE|SEGMENT|OBSERVER|BUDGET|CONTEXT|HYPOTHESIS|OBSERVATION|PROVENANCE|HYPOTHESIS_SUPPORT|HYPOTHESIS_CONFIDENCE|AMBIGUITY|THEORY|SCHEMA|MATCHED_STATE|RULE|INVARIANT|COMPOSITION|SUPPORT|THEORY_EVIDENCE|SCORE|TRANSFORM|EQUIVALENCE|CONSEQUENCE|FRONTIER|FRONTIER_MEMBER|DOMAIN_WEIGHT|ALIGNMENT,package,1,0,4,0.352,0.2,0,0,0,
package-manifest__paraphrased,in-domain,3,package,canonical-cnl,package-manifest__paraphrased_clean_p3_rich,RUN|SOURCE|SEGMENT|OBSERVER|BUDGET|CONTEXT|HYPOTHESIS|OBSERVATION|PROVENANCE|HYPOTHESIS_SUPPORT|HYPOTHESIS_CONFIDENCE|AMBIGUITY|THEORY|SCHEMA|MATCHED_STATE|RULE|INVARIANT|COMPOSITION|SUPPORT|THEORY_EVIDENCE|SCORE|TRANSFORM|EQUIVALENCE|CONSEQUENCE|FRONTIER|FRONTIER_MEMBER|DOMAIN_WEIGHT|ALIGNMENT,package,1,0,4,0.912,0.2,0,0,0,
package-manifest__paraphrased,in-domain,4,package,canonical-cnl,package-manifest__paraphrased_clean_p4_rich,RUN|SOURCE|SEGMENT|OBSERVER|BUDGET|CONTEXT|HYPOTHESIS|OBSERVATION|PROVENANCE|HYPOTHESIS_SUPPORT|HYPOTHESIS_CONFIDENCE|AMBIGUITY|THEORY|SCHEMA|MATCHED_STATE|RULE|INVARIANT|COMPOSITION|SUPPORT|THEORY_EVIDENCE|SCORE|TRANSFORM|EQUIVALENCE|CONSEQUENCE|FRONTIER|FRONTIER_MEMBER|DOMAIN_WEIGHT|ALIGNMENT,package,1,0,4,0.912,0.2,0,0,0,
package-manifest__noisy,in-domain,2,package,canonical-cnl,package-manifest__noisy_clean_p2_rich,RUN|SOURCE|SEGMENT|OBSERVER|BUDGET|CONTEXT|HYPOTHESIS|OBSERVATION|PROVENANCE|HYPOTHESIS_SUPPORT|HYPOTHESIS_CONFIDENCE|AMBIGUITY|THEORY|SCHEMA|MATCHED_STATE|RULE|INVARIANT|COMPOSITION|SUPPORT|THEORY_EVIDENCE|SCORE|TRANSFORM|EQUIVALENCE|CONSEQUENCE|FRONTIER|FRONTIER_MEMBER|DOMAIN_WEIGHT|ALIGNMENT,package,1,0,4,0.352,0.2,0,0,0,
package-manifest__noisy,in-domain,3,package,canonical-cnl,package-manifest__noisy_clean_p3_rich,RUN|SOURCE|SEGMENT|OBSERVER|BUDGET|CONTEXT|HYPOTHESIS|OBSERVATION|PROVENANCE|HYPOTHESIS_SUPPORT|HYPOTHESIS_CONFIDENCE|AMBIGUITY|THEORY|SCHEMA|MATCHED_STATE|RULE|INVARIANT|COMPOSITION|SUPPORT|THEORY_EVIDENCE|SCORE|TRANSFORM|EQUIVALENCE|CONSEQUENCE|FRONTIER|FRONTIER_MEMBER|DOMAIN_WEIGHT|ALIGNMENT,package,1,0,4,0.912,0.2,0,0,0,
package-manifest__noisy,in-domain,4,package,canonical-cnl,package-manifest__noisy_clean_p4_rich,RUN|SOURCE|SEGMENT|OBSERVER|BUDGET|CONTEXT|HYPOTHESIS|OBSERVATION|PROVENANCE|HYPOTHESIS_SUPPORT|HYPOTHESIS_CONFIDENCE|AMBIGUITY|THEORY|SCHEMA|MATCHED_STATE|RULE|INVARIANT|COMPOSITION|SUPPORT|THEORY_EVIDENCE|SCORE|TRANSFORM|EQUIVALENCE|CONSEQUENCE|FRONTIER|FRONTIER_MEMBER|DOMAIN_WEIGHT|ALIGNMENT,package,1,0,4,0.912,0.2,0,0,0,
package-return__controlled,in-domain,2,package,canonical-cnl,package-return__controlled_clean_p2_rich,RUN|SOURCE|SEGMENT|OBSERVER|BUDGET|CONTEXT|HYPOTHESIS|OBSERVATION|PROVENANCE|HYPOTHESIS_SUPPORT|HYPOTHESIS_CONFIDENCE|AMBIGUITY|THEORY|SCHEMA|MATCHED_STATE|RULE|INVARIANT|COMPOSITION|SUPPORT|THEORY_EVIDENCE|SCORE|TRANSFORM|EQUIVALENCE|CONSEQUENCE|FRONTIER|FRONTIER_MEMBER|DOMAIN_WEIGHT|ALIGNMENT,package,1,0,4,0.2,0.2,0,0,0,
package-return__controlled,in-domain,3,package,canonical-cnl,package-return__controlled_clean_p3_rich,RUN|SOURCE|SEGMENT|OBSERVER|BUDGET|CONTEXT|HYPOTHESIS|OBSERVATION|PROVENANCE|HYPOTHESIS_SUPPORT|HYPOTHESIS_CONFIDENCE|AMBIGUITY|THEORY|SCHEMA|MATCHED_STATE|RULE|INVARIANT|COMPOSITION|SUPPORT|THEORY_EVIDENCE|SCORE|TRANSFORM|EQUIVALENCE|CONSEQUENCE|FRONTIER|FRONTIER_MEMBER|DOMAIN_WEIGHT|ALIGNMENT,package,1,0,4,0.812,0.2,0,0,0,
package-return__controlled,in-domain,4,package,canonical-cnl,package-return__controlled_clean_p4_rich,RUN|SOURCE|SEGMENT|OBSERVER|BUDGET|CONTEXT|HYPOTHESIS|OBSERVATION|PROVENANCE|HYPOTHESIS_SUPPORT|HYPOTHESIS_CONFIDENCE|AMBIGUITY|THEORY|SCHEMA|MATCHED_STATE|RULE|INVARIANT|COMPOSITION|SUPPORT|THEORY_EVIDENCE|SCORE|TRANSFORM|EQUIVALENCE|CONSEQUENCE|FRONTIER|FRONTIER_MEMBER|DOMAIN_WEIGHT|ALIGNMENT,package,1,0,4,1.112,0.2,0,0,0,
package-return__paraphrased,in-domain,2,package,canonical-cnl,package-return__paraphrased_clean_p2_rich,RUN|SOURCE|SEGMENT|OBSERVER|BUDGET|CONTEXT|HYPOTHESIS|OBSERVATION|PROVENANCE|HYPOTHESIS_SUPPORT|HYPOTHESIS_CONFIDENCE|AMBIGUITY|THEORY|SCHEMA|RULE|INVARIANT|COMPOSITION|SUPPORT|THEORY_EVIDENCE|SCORE|MATCHED_STATE|TRANSFORM|EQUIVALENCE|CONSEQUENCE|FRONTIER|FRONTIER_MEMBER|DOMAIN_WEIGHT|ALIGNMENT,package,1,0,4,0.2,0.2,0,0,0,
package-return__paraphrased,in-domain,3,package,canonical-cnl,package-return__paraphrased_clean_p3_rich,RUN|SOURCE|SEGMENT|OBSERVER|BUDGET|CONTEXT|HYPOTHESIS|OBSERVATION|PROVENANCE|HYPOTHESIS_SUPPORT|HYPOTHESIS_CONFIDENCE|AMBIGUITY|THEORY|SCHEMA|RULE|INVARIANT|COMPOSITION|SUPPORT|THEORY_EVIDENCE|SCORE|MATCHED_STATE|TRANSFORM|EQUIVALENCE|CONSEQUENCE|FRONTIER|FRONTIER_MEMBER|DOMAIN_WEIGHT|ALIGNMENT,package,1,0,4,0.2,0.2,0,0,0,
package-return__paraphrased,in-domain,4,package,canonical-cnl,package-return__paraphrased_clean_p4_rich,RUN|SOURCE|SEGMENT|OBSERVER|BUDGET|CONTEXT|HYPOTHESIS|OBSERVATION|PROVENANCE|HYPOTHESIS_SUPPORT|HYPOTHESIS_CONFIDENCE|AMBIGUITY|THEORY|SCHEMA|RULE|INVARIANT|COMPOSITION|SUPPORT|THEORY_EVIDENCE|SCORE|MATCHED_STATE|TRANSFORM|EQUIVALENCE|CONSEQUENCE|FRONTIER|FRONTIER_MEMBER|DOMAIN_WEIGHT|ALIGNMENT,package,1,0,4,0.2,0.2,0,0,0,
package-return__noisy,in-domain,2,package,canonical-cnl,package-return__noisy_clean_p2_rich,RUN|SOURCE|SEGMENT|OBSERVER|BUDGET|CONTEXT|HYPOTHESIS|OBSERVATION|PROVENANCE|HYPOTHESIS_SUPPORT|HYPOTHESIS_CONFIDENCE|AMBIGUITY|THEORY|SCHEMA|RULE|INVARIANT|COMPOSITION|SUPPORT|THEORY_EVIDENCE|SCORE|MATCHED_STATE|TRANSFORM|EQUIVALENCE|CONSEQUENCE|FRONTIER|FRONTIER_MEMBER|DOMAIN_WEIGHT|ALIGNMENT,package,1,0,4,0.2,0.2,0,0,0,
package-return__noisy,in-domain,3,package,canonical-cnl,package-return__noisy_clean_p3_rich,RUN|SOURCE|SEGMENT|OBSERVER|BUDGET|CONTEXT|HYPOTHESIS|OBSERVATION|PROVENANCE|HYPOTHESIS_SUPPORT|HYPOTHESIS_CONFIDENCE|AMBIGUITY|THEORY|SCHEMA|RULE|INVARIANT|COMPOSITION|SUPPORT|THEORY_EVIDENCE|SCORE|MATCHED_STATE|TRANSFORM|EQUIVALENCE|CONSEQUENCE|FRONTIER|FRONTIER_MEMBER|DOMAIN_WEIGHT|ALIGNMENT,package,1,0,4,0.2,0.2,0,0,0,
package-return__noisy,in-domain,4,package,canonical-cnl,package-return__noisy_clean_p4_rich,RUN|SOURCE|SEGMENT|OBSERVER|BUDGET|CONTEXT|HYPOTHESIS|OBSERVATION|PROVENANCE|HYPOTHESIS_SUPPORT|HYPOTHESIS_CONFIDENCE|AMBIGUITY|THEORY|SCHEMA|RULE|INVARIANT|COMPOSITION|SUPPORT|THEORY_EVIDENCE|SCORE|MATCHED_STATE|TRANSFORM|EQUIVALENCE|CONSEQUENCE|FRONTIER|FRONTIER_MEMBER|DOMAIN_WEIGHT|ALIGNMENT,package,1,0,4,0.2,0.2,0,0,0,
package-transfer__controlled,in-domain,2,package,canonical-cnl,package-transfer__controlled_clean_p2_rich,RUN|SOURCE|SEGMENT|OBSERVER|BUDGET|CONTEXT|HYPOTHESIS|OBSERVATION|PROVENANCE|HYPOTHESIS_SUPPORT|HYPOTHESIS_CONFIDENCE|AMBIGUITY|THEORY|SCHEMA|MATCHED_STATE|RULE|INVARIANT|COMPOSITION|SUPPORT|THEORY_EVIDENCE|SCORE|TRANSFORM|EQUIVALENCE|CONSEQUENCE|FRONTIER|FRONTIER_MEMBER|DOMAIN_WEIGHT|QUESTION|QUESTION_CLASS|QUESTION_ANSWER|QUESTION_PARTITION|ALIGNMENT,package,0.586,1.634,7,0,0.8,1,0,1,package-dispatch
package-transfer__controlled,in-domain,3,package,canonical-cnl,package-transfer__controlled_clean_p3_rich,RUN|SOURCE|SEGMENT|OBSERVER|BUDGET|CONTEXT|HYPOTHESIS|OBSERVATION|PROVENANCE|HYPOTHESIS_SUPPORT|HYPOTHESIS_CONFIDENCE|AMBIGUITY|THEORY|SCHEMA|MATCHED_STATE|RULE|INVARIANT|COMPOSITION|SUPPORT|THEORY_EVIDENCE|SCORE|TRANSFORM|EQUIVALENCE|CONSEQUENCE|FRONTIER|FRONTIER_MEMBER|DOMAIN_WEIGHT|ALIGNMENT,package,1,0,4,0.612,0.2,0,0,0,
package-transfer__controlled,in-domain,4,package,canonical-cnl,package-transfer__controlled_clean_p4_rich,RUN|SOURCE|SEGMENT|OBSERVER|BUDGET|CONTEXT|HYPOTHESIS|OBSERVATION|PROVENANCE|HYPOTHESIS_SUPPORT|HYPOTHESIS_CONFIDENCE|AMBIGUITY|THEORY|SCHEMA|MATCHED_STATE|RULE|INVARIANT|COMPOSITION|SUPPORT|THEORY_EVIDENCE|SCORE|TRANSFORM|EQUIVALENCE|CONSEQUENCE|FRONTIER|FRONTIER_MEMBER|DOMAIN_WEIGHT|ALIGNMENT,package,1,0,4,0.912,0.2,0,0,0,
package-transfer__paraphrased,in-domain,2,package,canonical-cnl,package-transfer__paraphrased_clean_p2_rich,RUN|SOURCE|SEGMENT|OBSERVER|BUDGET|CONTEXT|HYPOTHESIS|OBSERVATION|PROVENANCE|HYPOTHESIS_SUPPORT|HYPOTHESIS_CONFIDENCE|AMBIGUITY|THEORY|SCHEMA|MATCHED_STATE|RULE|INVARIANT|COMPOSITION|SUPPORT|THEORY_EVIDENCE|SCORE|TRANSFORM|EQUIVALENCE|CONSEQUENCE|FRONTIER|FRONTIER_MEMBER|DOMAIN_WEIGHT|QUESTION|QUESTION_CLASS|QUESTION_ANSWER|QUESTION_PARTITION|ALIGNMENT,package,0.586,1.634,7,0,0.8,1,0,1,package-dispatch
package-transfer__paraphrased,in-domain,3,package,canonical-cnl,package-transfer__paraphrased_clean_p3_rich,RUN|SOURCE|SEGMENT|OBSERVER|BUDGET|CONTEXT|HYPOTHESIS|OBSERVATION|PROVENANCE|HYPOTHESIS_SUPPORT|HYPOTHESIS_CONFIDENCE|AMBIGUITY|THEORY|SCHEMA|MATCHED_STATE|RULE|INVARIANT|COMPOSITION|SUPPORT|THEORY_EVIDENCE|SCORE|TRANSFORM|EQUIVALENCE|CONSEQUENCE|FRONTIER|FRONTIER_MEMBER|DOMAIN_WEIGHT|ALIGNMENT,package,1,0,4,0.352,0.2,0,0,0,
package-transfer__paraphrased,in-domain,4,package,canonical-cnl,package-transfer__paraphrased_clean_p4_rich,RUN|SOURCE|SEGMENT|OBSERVER|BUDGET|CONTEXT|HYPOTHESIS|OBSERVATION|PROVENANCE|HYPOTHESIS_SUPPORT|HYPOTHESIS_CONFIDENCE|AMBIGUITY|THEORY|SCHEMA|MATCHED_STATE|RULE|INVARIANT|COMPOSITION|SUPPORT|THEORY_EVIDENCE|SCORE|TRANSFORM|EQUIVALENCE|CONSEQUENCE|FRONTIER|FRONTIER_MEMBER|DOMAIN_WEIGHT|ALIGNMENT,package,1,0,4,0.652,0.2,0,0,0,
package-transfer__noisy,in-domain,2,package,canonical-cnl,package-transfer__noisy_clean_p2_rich,RUN|SOURCE|SEGMENT|OBSERVER|BUDGET|CONTEXT|HYPOTHESIS|OBSERVATION|PROVENANCE|HYPOTHESIS_SUPPORT|HYPOTHESIS_CONFIDENCE|AMBIGUITY|THEORY|SCHEMA|MATCHED_STATE|RULE|INVARIANT|COMPOSITION|SUPPORT|THEORY_EVIDENCE|SCORE|TRANSFORM|EQUIVALENCE|CONSEQUENCE|FRONTIER|FRONTIER_MEMBER|DOMAIN_WEIGHT|QUESTION|QUESTION_CLASS|QUESTION_ANSWER|QUESTION_PARTITION|ALIGNMENT,package,0.586,1.634,7,0,0.8,1,0,1,package-dispatch
package-transfer__noisy,in-domain,3,package,canonical-cnl,package-transfer__noisy_clean_p3_rich,RUN|SOURCE|SEGMENT|OBSERVER|BUDGET|CONTEXT|HYPOTHESIS|OBSERVATION|PROVENANCE|HYPOTHESIS_SUPPORT|HYPOTHESIS_CONFIDENCE|AMBIGUITY|THEORY|SCHEMA|MATCHED_STATE|RULE|INVARIANT|COMPOSITION|SUPPORT|THEORY_EVIDENCE|SCORE|TRANSFORM|EQUIVALENCE|CONSEQUENCE|FRONTIER|FRONTIER_MEMBER|DOMAIN_WEIGHT|ALIGNMENT,package,1,0,4,0.352,0.2,0,0,0,
package-transfer__noisy,in-domain,4,package,canonical-cnl,package-transfer__noisy_clean_p4_rich,RUN|SOURCE|SEGMENT|OBSERVER|BUDGET|CONTEXT|HYPOTHESIS|OBSERVATION|PROVENANCE|HYPOTHESIS_SUPPORT|HYPOTHESIS_CONFIDENCE|AMBIGUITY|THEORY|SCHEMA|MATCHED_STATE|RULE|INVARIANT|COMPOSITION|SUPPORT|THEORY_EVIDENCE|SCORE|TRANSFORM|EQUIVALENCE|CONSEQUENCE|FRONTIER|FRONTIER_MEMBER|DOMAIN_WEIGHT|ALIGNMENT,package,1,0,4,0.652,0.2,0,0,0,
sample-aliquot__controlled,in-domain,2,sample,canonical-cnl,sample-aliquot__controlled_clean_p2_rich,RUN|SOURCE|SEGMENT|OBSERVER|BUDGET|CONTEXT|HYPOTHESIS|OBSERVATION|PROVENANCE|HYPOTHESIS_SUPPORT|HYPOTHESIS_CONFIDENCE|AMBIGUITY|THEORY|SCHEMA|MATCHED_STATE|RULE|INVARIANT|COMPOSITION|SUPPORT|THEORY_EVIDENCE|SCORE|TRANSFORM|EQUIVALENCE|CONSEQUENCE|FRONTIER|FRONTIER_MEMBER|DOMAIN_WEIGHT|ALIGNMENT,sample,1,0,4,0.312,0.2,0,0,0,
sample-aliquot__controlled,in-domain,3,sample,canonical-cnl,sample-aliquot__controlled_clean_p3_rich,RUN|SOURCE|SEGMENT|OBSERVER|BUDGET|CONTEXT|HYPOTHESIS|OBSERVATION|PROVENANCE|HYPOTHESIS_SUPPORT|HYPOTHESIS_CONFIDENCE|AMBIGUITY|THEORY|SCHEMA|MATCHED_STATE|RULE|INVARIANT|COMPOSITION|SUPPORT|THEORY_EVIDENCE|SCORE|TRANSFORM|EQUIVALENCE|CONSEQUENCE|FRONTIER|FRONTIER_MEMBER|DOMAIN_WEIGHT|ALIGNMENT,sample,1,0,4,0.852,0.2,0,0,0,
sample-aliquot__controlled,in-domain,4,sample,canonical-cnl,sample-aliquot__controlled_clean_p4_rich,RUN|SOURCE|SEGMENT|OBSERVER|BUDGET|CONTEXT|HYPOTHESIS|OBSERVATION|PROVENANCE|HYPOTHESIS_SUPPORT|HYPOTHESIS_CONFIDENCE|AMBIGUITY|THEORY|SCHEMA|MATCHED_STATE|RULE|INVARIANT|COMPOSITION|SUPPORT|THEORY_EVIDENCE|SCORE|TRANSFORM|EQUIVALENCE|CONSEQUENCE|FRONTIER|FRONTIER_MEMBER|DOMAIN_WEIGHT|ALIGNMENT,sample,1,0,4,1.072,0.2,0,0,0,
sample-aliquot__paraphrased,in-domain,2,sample,canonical-cnl,sample-aliquot__paraphrased_clean_p2_rich,RUN|SOURCE|SEGMENT|OBSERVER|BUDGET|CONTEXT|HYPOTHESIS|OBSERVATION|PROVENANCE|HYPOTHESIS_SUPPORT|HYPOTHESIS_CONFIDENCE|AMBIGUITY|THEORY|SCHEMA|MATCHED_STATE|RULE|INVARIANT|COMPOSITION|SUPPORT|THEORY_EVIDENCE|SCORE|TRANSFORM|EQUIVALENCE|CONSEQUENCE|FRONTIER|FRONTIER_MEMBER|DOMAIN_WEIGHT|ALIGNMENT,sample,1,0,4,0.312,0.2,0,0,0,
sample-aliquot__paraphrased,in-domain,3,sample,canonical-cnl,sample-aliquot__paraphrased_clean_p3_rich,RUN|SOURCE|SEGMENT|OBSERVER|BUDGET|CONTEXT|HYPOTHESIS|OBSERVATION|PROVENANCE|HYPOTHESIS_SUPPORT|HYPOTHESIS_CONFIDENCE|AMBIGUITY|THEORY|SCHEMA|MATCHED_STATE|RULE|INVARIANT|COMPOSITION|SUPPORT|THEORY_EVIDENCE|SCORE|TRANSFORM|EQUIVALENCE|CONSEQUENCE|FRONTIER|FRONTIER_MEMBER|DOMAIN_WEIGHT|ALIGNMENT,sample,1,0,4,0.592,0.2,0,0,0,
sample-aliquot__paraphrased,in-domain,4,sample,canonical-cnl,sample-aliquot__paraphrased_clean_p4_rich,RUN|SOURCE|SEGMENT|OBSERVER|BUDGET|CONTEXT|HYPOTHESIS|OBSERVATION|PROVENANCE|HYPOTHESIS_SUPPORT|HYPOTHESIS_CONFIDENCE|AMBIGUITY|THEORY|SCHEMA|MATCHED_STATE|RULE|INVARIANT|COMPOSITION|SUPPORT|THEORY_EVIDENCE|SCORE|TRANSFORM|EQUIVALENCE|CONSEQUENCE|FRONTIER|FRONTIER_MEMBER|DOMAIN_WEIGHT|ALIGNMENT,sample,1,0,4,0.592,0.2,0,0,0,
sample-aliquot__noisy,in-domain,2,sample,canonical-cnl,sample-aliquot__noisy_clean_p2_rich,RUN|SOURCE|SEGMENT|OBSERVER|BUDGET|CONTEXT|HYPOTHESIS|OBSERVATION|PROVENANCE|HYPOTHESIS_SUPPORT|HYPOTHESIS_CONFIDENCE|AMBIGUITY|THEORY|SCHEMA|MATCHED_STATE|RULE|INVARIANT|COMPOSITION|SUPPORT|THEORY_EVIDENCE|SCORE|TRANSFORM|EQUIVALENCE|CONSEQUENCE|FRONTIER|FRONTIER_MEMBER|DOMAIN_WEIGHT|ALIGNMENT,sample,1,0,4,0.312,0.2,0,0,0,
sample-aliquot__noisy,in-domain,3,sample,canonical-cnl,sample-aliquot__noisy_clean_p3_rich,RUN|SOURCE|SEGMENT|OBSERVER|BUDGET|CONTEXT|HYPOTHESIS|OBSERVATION|PROVENANCE|HYPOTHESIS_SUPPORT|HYPOTHESIS_CONFIDENCE|AMBIGUITY|THEORY|SCHEMA|MATCHED_STATE|RULE|INVARIANT|COMPOSITION|SUPPORT|THEORY_EVIDENCE|SCORE|TRANSFORM|EQUIVALENCE|CONSEQUENCE|FRONTIER|FRONTIER_MEMBER|DOMAIN_WEIGHT|ALIGNMENT,sample,1,0,4,0.592,0.2,0,0,0,
sample-aliquot__noisy,in-domain,4,sample,canonical-cnl,sample-aliquot__noisy_clean_p4_rich,RUN|SOURCE|SEGMENT|OBSERVER|BUDGET|CONTEXT|HYPOTHESIS|OBSERVATION|PROVENANCE|HYPOTHESIS_SUPPORT|HYPOTHESIS_CONFIDENCE|AMBIGUITY|THEORY|SCHEMA|MATCHED_STATE|RULE|INVARIANT|COMPOSITION|SUPPORT|THEORY_EVIDENCE|SCORE|TRANSFORM|EQUIVALENCE|CONSEQUENCE|FRONTIER|FRONTIER_MEMBER|DOMAIN_WEIGHT|ALIGNMENT,sample,1,0,4,0.592,0.2,0,0,0,
sample-cold-room__controlled,in-domain,2,sample,canonical-cnl,sample-cold-room__controlled_clean_p2_rich,RUN|SOURCE|SEGMENT|OBSERVER|BUDGET|CONTEXT|HYPOTHESIS|OBSERVATION|PROVENANCE|HYPOTHESIS_SUPPORT|HYPOTHESIS_CONFIDENCE|AMBIGUITY|THEORY|SCHEMA|MATCHED_STATE|RULE|INVARIANT|COMPOSITION|SUPPORT|THEORY_EVIDENCE|SCORE|TRANSFORM|EQUIVALENCE|CONSEQUENCE|FRONTIER|FRONTIER_MEMBER|DOMAIN_WEIGHT|QUESTION|QUESTION_CLASS|QUESTION_ANSWER|QUESTION_PARTITION|ALIGNMENT,package,0.586,1.634,7,0,0.8,1,0,1,package-dispatch
sample-cold-room__controlled,in-domain,3,sample,canonical-cnl,sample-cold-room__controlled_clean_p3_rich,RUN|SOURCE|SEGMENT|OBSERVER|BUDGET|CONTEXT|HYPOTHESIS|OBSERVATION|PROVENANCE|HYPOTHESIS_SUPPORT|HYPOTHESIS_CONFIDENCE|AMBIGUITY|THEORY|SCHEMA|MATCHED_STATE|RULE|INVARIANT|COMPOSITION|SUPPORT|THEORY_EVIDENCE|SCORE|TRANSFORM|EQUIVALENCE|CONSEQUENCE|FRONTIER|FRONTIER_MEMBER|DOMAIN_WEIGHT|ALIGNMENT,sample,1,0,4,0.632,0.2,0,0,0,
sample-cold-room__controlled,in-domain,4,sample,canonical-cnl,sample-cold-room__controlled_clean_p4_rich,RUN|SOURCE|SEGMENT|OBSERVER|BUDGET|CONTEXT|HYPOTHESIS|OBSERVATION|PROVENANCE|HYPOTHESIS_SUPPORT|HYPOTHESIS_CONFIDENCE|AMBIGUITY|THEORY|SCHEMA|MATCHED_STATE|RULE|INVARIANT|COMPOSITION|SUPPORT|THEORY_EVIDENCE|SCORE|TRANSFORM|EQUIVALENCE|CONSEQUENCE|FRONTIER|FRONTIER_MEMBER|DOMAIN_WEIGHT|ALIGNMENT,sample,1,0,4,0.852,0.2,0,0,0,
sample-cold-room__paraphrased,in-domain,2,sample,canonical-cnl,sample-cold-room__paraphrased_clean_p2_rich,RUN|SOURCE|SEGMENT|OBSERVER|BUDGET|CONTEXT|HYPOTHESIS|OBSERVATION|PROVENANCE|HYPOTHESIS_SUPPORT|HYPOTHESIS_CONFIDENCE|AMBIGUITY|THEORY|SCHEMA|MATCHED_STATE|RULE|INVARIANT|COMPOSITION|SUPPORT|THEORY_EVIDENCE|SCORE|TRANSFORM|EQUIVALENCE|CONSEQUENCE|FRONTIER|FRONTIER_MEMBER|DOMAIN_WEIGHT|QUESTION|QUESTION_CLASS|QUESTION_ANSWER|QUESTION_PARTITION|ALIGNMENT,package,0.586,1.634,7,0,0.8,1,0,1,package-dispatch
sample-cold-room__paraphrased,in-domain,3,sample,canonical-cnl,sample-cold-room__paraphrased_clean_p3_rich,RUN|SOURCE|SEGMENT|OBSERVER|BUDGET|CONTEXT|HYPOTHESIS|OBSERVATION|PROVENANCE|HYPOTHESIS_SUPPORT|HYPOTHESIS_CONFIDENCE|AMBIGUITY|THEORY|SCHEMA|MATCHED_STATE|RULE|INVARIANT|COMPOSITION|SUPPORT|THEORY_EVIDENCE|SCORE|TRANSFORM|EQUIVALENCE|CONSEQUENCE|FRONTIER|FRONTIER_MEMBER|DOMAIN_WEIGHT|ALIGNMENT,sample,1,0,4,0.352,0.2,0,0,0,
sample-cold-room__paraphrased,in-domain,4,sample,canonical-cnl,sample-cold-room__paraphrased_clean_p4_rich,RUN|SOURCE|SEGMENT|OBSERVER|BUDGET|CONTEXT|HYPOTHESIS|OBSERVATION|PROVENANCE|HYPOTHESIS_SUPPORT|HYPOTHESIS_CONFIDENCE|AMBIGUITY|THEORY|SCHEMA|MATCHED_STATE|RULE|INVARIANT|COMPOSITION|SUPPORT|THEORY_EVIDENCE|SCORE|TRANSFORM|EQUIVALENCE|CONSEQUENCE|FRONTIER|FRONTIER_MEMBER|DOMAIN_WEIGHT|ALIGNMENT,sample,1,0,4,0.572,0.2,0,0,0,
sample-cold-room__noisy,in-domain,2,sample,canonical-cnl,sample-cold-room__noisy_clean_p2_rich,RUN|SOURCE|SEGMENT|OBSERVER|BUDGET|CONTEXT|HYPOTHESIS|OBSERVATION|PROVENANCE|HYPOTHESIS_SUPPORT|HYPOTHESIS_CONFIDENCE|AMBIGUITY|THEORY|SCHEMA|MATCHED_STATE|RULE|INVARIANT|COMPOSITION|SUPPORT|THEORY_EVIDENCE|SCORE|TRANSFORM|EQUIVALENCE|CONSEQUENCE|FRONTIER|FRONTIER_MEMBER|DOMAIN_WEIGHT|QUESTION|QUESTION_CLASS|QUESTION_ANSWER|QUESTION_PARTITION|ALIGNMENT,package,0.586,1.634,7,0,0.8,1,0,1,package-dispatch
sample-cold-room__noisy,in-domain,3,sample,canonical-cnl,sample-cold-room__noisy_clean_p3_rich,RUN|SOURCE|SEGMENT|OBSERVER|BUDGET|CONTEXT|HYPOTHESIS|OBSERVATION|PROVENANCE|HYPOTHESIS_SUPPORT|HYPOTHESIS_CONFIDENCE|AMBIGUITY|THEORY|SCHEMA|MATCHED_STATE|RULE|INVARIANT|COMPOSITION|SUPPORT|THEORY_EVIDENCE|SCORE|TRANSFORM|EQUIVALENCE|CONSEQUENCE|FRONTIER|FRONTIER_MEMBER|DOMAIN_WEIGHT|ALIGNMENT,sample,1,0,4,0.352,0.2,0,0,0,
sample-cold-room__noisy,in-domain,4,sample,canonical-cnl,sample-cold-room__noisy_clean_p4_rich,RUN|SOURCE|SEGMENT|OBSERVER|BUDGET|CONTEXT|HYPOTHESIS|OBSERVATION|PROVENANCE|HYPOTHESIS_SUPPORT|HYPOTHESIS_CONFIDENCE|AMBIGUITY|THEORY|SCHEMA|MATCHED_STATE|RULE|INVARIANT|COMPOSITION|SUPPORT|THEORY_EVIDENCE|SCORE|TRANSFORM|EQUIVALENCE|CONSEQUENCE|FRONTIER|FRONTIER_MEMBER|DOMAIN_WEIGHT|ALIGNMENT,sample,1,0,4,0.572,0.2,0,0,0,
sample-centrifuge__controlled,in-domain,2,sample,canonical-cnl,sample-centrifuge__controlled_clean_p2_rich,RUN|SOURCE|SEGMENT|OBSERVER|BUDGET|CONTEXT|HYPOTHESIS|OBSERVATION|PROVENANCE|HYPOTHESIS_SUPPORT|HYPOTHESIS_CONFIDENCE|AMBIGUITY|THEORY|SCHEMA|MATCHED_STATE|RULE|INVARIANT|COMPOSITION|SUPPORT|THEORY_EVIDENCE|SCORE|TRANSFORM|EQUIVALENCE|CONSEQUENCE|FRONTIER|FRONTIER_MEMBER|DOMAIN_WEIGHT|ALIGNMENT,sample,1,0,4,0.312,0.2,0,0,0,
sample-centrifuge__controlled,in-domain,3,sample,canonical-cnl,sample-centrifuge__controlled_clean_p3_rich,RUN|SOURCE|SEGMENT|OBSERVER|BUDGET|CONTEXT|HYPOTHESIS|OBSERVATION|PROVENANCE|HYPOTHESIS_SUPPORT|HYPOTHESIS_CONFIDENCE|AMBIGUITY|THEORY|SCHEMA|MATCHED_STATE|RULE|INVARIANT|COMPOSITION|SUPPORT|THEORY_EVIDENCE|SCORE|TRANSFORM|EQUIVALENCE|CONSEQUENCE|FRONTIER|FRONTIER_MEMBER|DOMAIN_WEIGHT|ALIGNMENT,sample,1,0,4,0.832,0.2,0,0,0,
sample-centrifuge__controlled,in-domain,4,sample,canonical-cnl,sample-centrifuge__controlled_clean_p4_rich,RUN|SOURCE|SEGMENT|OBSERVER|BUDGET|CONTEXT|HYPOTHESIS|OBSERVATION|PROVENANCE|HYPOTHESIS_SUPPORT|HYPOTHESIS_CONFIDENCE|AMBIGUITY|THEORY|SCHEMA|MATCHED_STATE|RULE|INVARIANT|COMPOSITION|SUPPORT|THEORY_EVIDENCE|SCORE|TRANSFORM|EQUIVALENCE|CONSEQUENCE|FRONTIER|FRONTIER_MEMBER|DOMAIN_WEIGHT|ALIGNMENT,sample,1,0,4,1.052,0.2,0,0,0,
sample-centrifuge__paraphrased,in-domain,2,sample,canonical-cnl,sample-centrifuge__paraphrased_clean_p2_rich,RUN|SOURCE|SEGMENT|OBSERVER|BUDGET|CONTEXT|HYPOTHESIS|OBSERVATION|PROVENANCE|HYPOTHESIS_SUPPORT|HYPOTHESIS_CONFIDENCE|AMBIGUITY|THEORY|SCHEMA|RULE|INVARIANT|COMPOSITION|SUPPORT|THEORY_EVIDENCE|SCORE|MATCHED_STATE|TRANSFORM|EQUIVALENCE|CONSEQUENCE|FRONTIER|FRONTIER_MEMBER|DOMAIN_WEIGHT|ALIGNMENT,sample,1,0,4,0.312,0.2,0,0,0,
sample-centrifuge__paraphrased,in-domain,3,sample,canonical-cnl,sample-centrifuge__paraphrased_clean_p3_rich,RUN|SOURCE|SEGMENT|OBSERVER|BUDGET|CONTEXT|HYPOTHESIS|OBSERVATION|PROVENANCE|HYPOTHESIS_SUPPORT|HYPOTHESIS_CONFIDENCE|AMBIGUITY|THEORY|SCHEMA|RULE|INVARIANT|COMPOSITION|SUPPORT|THEORY_EVIDENCE|SCORE|MATCHED_STATE|TRANSFORM|EQUIVALENCE|CONSEQUENCE|FRONTIER|FRONTIER_MEMBER|DOMAIN_WEIGHT|ALIGNMENT,sample,1,0,4,0.552,0.2,0,0,0,
sample-centrifuge__paraphrased,in-domain,4,sample,canonical-cnl,sample-centrifuge__paraphrased_clean_p4_rich,RUN|SOURCE|SEGMENT|OBSERVER|BUDGET|CONTEXT|HYPOTHESIS|OBSERVATION|PROVENANCE|HYPOTHESIS_SUPPORT|HYPOTHESIS_CONFIDENCE|AMBIGUITY|THEORY|SCHEMA|RULE|INVARIANT|COMPOSITION|SUPPORT|THEORY_EVIDENCE|SCORE|MATCHED_STATE|TRANSFORM|EQUIVALENCE|CONSEQUENCE|FRONTIER|FRONTIER_MEMBER|DOMAIN_WEIGHT|ALIGNMENT,sample,1,0,4,0.552,0.2,0,0,0,
sample-centrifuge__noisy,in-domain,2,sample,canonical-cnl,sample-centrifuge__noisy_clean_p2_rich,RUN|SOURCE|SEGMENT|OBSERVER|BUDGET|CONTEXT|HYPOTHESIS|OBSERVATION|PROVENANCE|HYPOTHESIS_SUPPORT|HYPOTHESIS_CONFIDENCE|AMBIGUITY|THEORY|SCHEMA|RULE|INVARIANT|COMPOSITION|SUPPORT|THEORY_EVIDENCE|SCORE|MATCHED_STATE|TRANSFORM|EQUIVALENCE|CONSEQUENCE|FRONTIER|FRONTIER_MEMBER|DOMAIN_WEIGHT|ALIGNMENT,sample,1,0,4,0.312,0.2,0,0,0,
sample-centrifuge__noisy,in-domain,3,sample,canonical-cnl,sample-centrifuge__noisy_clean_p3_rich,RUN|SOURCE|SEGMENT|OBSERVER|BUDGET|CONTEXT|HYPOTHESIS|OBSERVATION|PROVENANCE|HYPOTHESIS_SUPPORT|HYPOTHESIS_CONFIDENCE|AMBIGUITY|THEORY|SCHEMA|RULE|INVARIANT|COMPOSITION|SUPPORT|THEORY_EVIDENCE|SCORE|MATCHED_STATE|TRANSFORM|EQUIVALENCE|CONSEQUENCE|FRONTIER|FRONTIER_MEMBER|DOMAIN_WEIGHT|ALIGNMENT,sample,1,0,4,0.552,0.2,0,0,0,
sample-centrifuge__noisy,in-domain,4,sample,canonical-cnl,sample-centrifuge__noisy_clean_p4_rich,RUN|SOURCE|SEGMENT|OBSERVER|BUDGET|CONTEXT|HYPOTHESIS|OBSERVATION|PROVENANCE|HYPOTHESIS_SUPPORT|HYPOTHESIS_CONFIDENCE|AMBIGUITY|THEORY|SCHEMA|RULE|INVARIANT|COMPOSITION|SUPPORT|THEORY_EVIDENCE|SCORE|MATCHED_STATE|TRANSFORM|EQUIVALENCE|CONSEQUENCE|FRONTIER|FRONTIER_MEMBER|DOMAIN_WEIGHT|ALIGNMENT,sample,1,0,4,0.552,0.2,0,0,0,
manuscript-peer-review__controlled,in-domain,2,manuscript,canonical-cnl,manuscript-peer-review__controlled_clean_p2_rich,RUN|SOURCE|SEGMENT|OBSERVER|BUDGET|CONTEXT|HYPOTHESIS|OBSERVATION|PROVENANCE|HYPOTHESIS_SUPPORT|HYPOTHESIS_CONFIDENCE|AMBIGUITY|THEORY|SCHEMA|MATCHED_STATE|RULE|INVARIANT|COMPOSITION|SUPPORT|THEORY_EVIDENCE|SCORE|TRANSFORM|EQUIVALENCE|CONSEQUENCE|FRONTIER|FRONTIER_MEMBER|DOMAIN_WEIGHT|ALIGNMENT,manuscript,1,0,4,0.312,0.2,0,0,0,
manuscript-peer-review__controlled,in-domain,3,manuscript,canonical-cnl,manuscript-peer-review__controlled_clean_p3_rich,RUN|SOURCE|SEGMENT|OBSERVER|BUDGET|CONTEXT|HYPOTHESIS|OBSERVATION|PROVENANCE|HYPOTHESIS_SUPPORT|HYPOTHESIS_CONFIDENCE|AMBIGUITY|THEORY|SCHEMA|MATCHED_STATE|RULE|INVARIANT|COMPOSITION|SUPPORT|THEORY_EVIDENCE|SCORE|TRANSFORM|EQUIVALENCE|CONSEQUENCE|FRONTIER|FRONTIER_MEMBER|DOMAIN_WEIGHT|ALIGNMENT,manuscript,1,0,4,0.792,0.2,0,0,0,
manuscript-peer-review__controlled,in-domain,4,manuscript,canonical-cnl,manuscript-peer-review__controlled_clean_p4_rich,RUN|SOURCE|SEGMENT|OBSERVER|BUDGET|CONTEXT|HYPOTHESIS|OBSERVATION|PROVENANCE|HYPOTHESIS_SUPPORT|HYPOTHESIS_CONFIDENCE|AMBIGUITY|THEORY|SCHEMA|MATCHED_STATE|RULE|INVARIANT|COMPOSITION|SUPPORT|THEORY_EVIDENCE|SCORE|TRANSFORM|EQUIVALENCE|CONSEQUENCE|FRONTIER|FRONTIER_MEMBER|DOMAIN_WEIGHT|ALIGNMENT,manuscript,1,0,3,1.332,0.2,0,0,0,
manuscript-peer-review__paraphrased,in-domain,2,manuscript,canonical-cnl,manuscript-peer-review__paraphrased_clean_p2_rich,RUN|SOURCE|SEGMENT|OBSERVER|BUDGET|CONTEXT|HYPOTHESIS|OBSERVATION|PROVENANCE|HYPOTHESIS_SUPPORT|HYPOTHESIS_CONFIDENCE|AMBIGUITY|THEORY|SCHEMA|MATCHED_STATE|RULE|INVARIANT|COMPOSITION|SUPPORT|THEORY_EVIDENCE|SCORE|TRANSFORM|EQUIVALENCE|CONSEQUENCE|FRONTIER|FRONTIER_MEMBER|DOMAIN_WEIGHT|ALIGNMENT,manuscript,1,0,4,0.312,0.2,0,0,0,
manuscript-peer-review__paraphrased,in-domain,3,manuscript,canonical-cnl,manuscript-peer-review__paraphrased_clean_p3_rich,RUN|SOURCE|SEGMENT|OBSERVER|BUDGET|CONTEXT|HYPOTHESIS|OBSERVATION|PROVENANCE|HYPOTHESIS_SUPPORT|HYPOTHESIS_CONFIDENCE|AMBIGUITY|THEORY|SCHEMA|MATCHED_STATE|RULE|INVARIANT|COMPOSITION|SUPPORT|THEORY_EVIDENCE|SCORE|TRANSFORM|EQUIVALENCE|CONSEQUENCE|FRONTIER|FRONTIER_MEMBER|DOMAIN_WEIGHT|ALIGNMENT,manuscript,1,0,4,0.532,0.2,0,0,0,
manuscript-peer-review__paraphrased,in-domain,4,manuscript,canonical-cnl,manuscript-peer-review__paraphrased_clean_p4_rich,RUN|SOURCE|SEGMENT|OBSERVER|BUDGET|CONTEXT|HYPOTHESIS|OBSERVATION|PROVENANCE|HYPOTHESIS_SUPPORT|HYPOTHESIS_CONFIDENCE|AMBIGUITY|THEORY|SCHEMA|MATCHED_STATE|RULE|INVARIANT|COMPOSITION|SUPPORT|THEORY_EVIDENCE|SCORE|TRANSFORM|EQUIVALENCE|CONSEQUENCE|FRONTIER|FRONTIER_MEMBER|DOMAIN_WEIGHT|ALIGNMENT,manuscript,1,0,4,0.4,0.2,0,0,0,
manuscript-peer-review__noisy,in-domain,2,manuscript,canonical-cnl,manuscript-peer-review__noisy_clean_p2_rich,RUN|SOURCE|SEGMENT|OBSERVER|BUDGET|CONTEXT|HYPOTHESIS|OBSERVATION|PROVENANCE|HYPOTHESIS_SUPPORT|HYPOTHESIS_CONFIDENCE|AMBIGUITY|THEORY|SCHEMA|MATCHED_STATE|RULE|INVARIANT|COMPOSITION|SUPPORT|THEORY_EVIDENCE|SCORE|TRANSFORM|EQUIVALENCE|CONSEQUENCE|FRONTIER|FRONTIER_MEMBER|DOMAIN_WEIGHT|ALIGNMENT,manuscript,1,0,4,0.312,0.2,0,0,0,
manuscript-peer-review__noisy,in-domain,3,manuscript,canonical-cnl,manuscript-peer-review__noisy_clean_p3_rich,RUN|SOURCE|SEGMENT|OBSERVER|BUDGET|CONTEXT|HYPOTHESIS|OBSERVATION|PROVENANCE|HYPOTHESIS_SUPPORT|HYPOTHESIS_CONFIDENCE|AMBIGUITY|THEORY|SCHEMA|MATCHED_STATE|RULE|INVARIANT|COMPOSITION|SUPPORT|THEORY_EVIDENCE|SCORE|TRANSFORM|EQUIVALENCE|CONSEQUENCE|FRONTIER|FRONTIER_MEMBER|DOMAIN_WEIGHT|ALIGNMENT,manuscript,1,0,4,0.532,0.2,0,0,0,
manuscript-peer-review__noisy,in-domain,4,manuscript,canonical-cnl,manuscript-peer-review__noisy_clean_p4_rich,RUN|SOURCE|SEGMENT|OBSERVER|BUDGET|CONTEXT|HYPOTHESIS|OBSERVATION|PROVENANCE|HYPOTHESIS_SUPPORT|HYPOTHESIS_CONFIDENCE|AMBIGUITY|THEORY|SCHEMA|MATCHED_STATE|RULE|INVARIANT|COMPOSITION|SUPPORT|THEORY_EVIDENCE|SCORE|TRANSFORM|EQUIVALENCE|CONSEQUENCE|FRONTIER|FRONTIER_MEMBER|DOMAIN_WEIGHT|ALIGNMENT,manuscript,1,0,4,0.4,0.2,0,0,0,
manuscript-revision-cycle__controlled,in-domain,2,manuscript,canonical-cnl,manuscript-revision-cycle__controlled_clean_p2_rich,RUN|SOURCE|SEGMENT|OBSERVER|BUDGET|CONTEXT|HYPOTHESIS|OBSERVATION|PROVENANCE|HYPOTHESIS_SUPPORT|HYPOTHESIS_CONFIDENCE|AMBIGUITY|THEORY|SCHEMA|MATCHED_STATE|RULE|INVARIANT|COMPOSITION|SUPPORT|THEORY_EVIDENCE|SCORE|TRANSFORM|EQUIVALENCE|CONSEQUENCE|FRONTIER|FRONTIER_MEMBER|DOMAIN_WEIGHT|ALIGNMENT,manuscript,1,0,4,0.312,0.2,0,0,0,
manuscript-revision-cycle__controlled,in-domain,3,manuscript,canonical-cnl,manuscript-revision-cycle__controlled_clean_p3_rich,RUN|SOURCE|SEGMENT|OBSERVER|BUDGET|CONTEXT|HYPOTHESIS|OBSERVATION|PROVENANCE|HYPOTHESIS_SUPPORT|HYPOTHESIS_CONFIDENCE|AMBIGUITY|THEORY|SCHEMA|MATCHED_STATE|RULE|INVARIANT|COMPOSITION|SUPPORT|THEORY_EVIDENCE|SCORE|TRANSFORM|EQUIVALENCE|CONSEQUENCE|FRONTIER|FRONTIER_MEMBER|DOMAIN_WEIGHT|ALIGNMENT,manuscript,1,0,4,1.032,0.2,0,0,0,
manuscript-revision-cycle__controlled,in-domain,4,manuscript,canonical-cnl,manuscript-revision-cycle__controlled_clean_p4_rich,RUN|SOURCE|SEGMENT|OBSERVER|BUDGET|CONTEXT|HYPOTHESIS|OBSERVATION|PROVENANCE|HYPOTHESIS_SUPPORT|HYPOTHESIS_CONFIDENCE|AMBIGUITY|THEORY|SCHEMA|MATCHED_STATE|RULE|INVARIANT|COMPOSITION|SUPPORT|THEORY_EVIDENCE|SCORE|TRANSFORM|EQUIVALENCE|CONSEQUENCE|FRONTIER|FRONTIER_MEMBER|DOMAIN_WEIGHT|ALIGNMENT,manuscript,1,0,3,1.332,0.2,0,0,0,
manuscript-revision-cycle__paraphrased,in-domain,2,manuscript,canonical-cnl,manuscript-revision-cycle__paraphrased_clean_p2_rich,RUN|SOURCE|SEGMENT|OBSERVER|BUDGET|CONTEXT|HYPOTHESIS|OBSERVATION|PROVENANCE|HYPOTHESIS_SUPPORT|HYPOTHESIS_CONFIDENCE|AMBIGUITY|THEORY|SCHEMA|RULE|INVARIANT|COMPOSITION|SUPPORT|SCORE|MATCHED_STATE|THEORY_EVIDENCE|TRANSFORM|EQUIVALENCE|CONSEQUENCE|FRONTIER|FRONTIER_MEMBER|DOMAIN_WEIGHT|ALIGNMENT,manuscript,1,0,4,0.312,0.2,0,0,0,
manuscript-revision-cycle__paraphrased,in-domain,3,manuscript,canonical-cnl,manuscript-revision-cycle__paraphrased_clean_p3_rich,RUN|SOURCE|SEGMENT|OBSERVER|BUDGET|CONTEXT|HYPOTHESIS|OBSERVATION|PROVENANCE|HYPOTHESIS_SUPPORT|HYPOTHESIS_CONFIDENCE|AMBIGUITY|THEORY|SCHEMA|RULE|INVARIANT|COMPOSITION|SUPPORT|SCORE|MATCHED_STATE|THEORY_EVIDENCE|TRANSFORM|EQUIVALENCE|CONSEQUENCE|FRONTIER|FRONTIER_MEMBER|DOMAIN_WEIGHT|ALIGNMENT,manuscript,1,0,4,0.532,0.2,0,0,0,
manuscript-revision-cycle__paraphrased,in-domain,4,manuscript,canonical-cnl,manuscript-revision-cycle__paraphrased_clean_p4_rich,RUN|SOURCE|SEGMENT|OBSERVER|BUDGET|CONTEXT|HYPOTHESIS|OBSERVATION|PROVENANCE|HYPOTHESIS_SUPPORT|HYPOTHESIS_CONFIDENCE|AMBIGUITY|THEORY|SCHEMA|RULE|INVARIANT|COMPOSITION|SUPPORT|THEORY_EVIDENCE|SCORE|MATCHED_STATE|TRANSFORM|EQUIVALENCE|CONSEQUENCE|FRONTIER|FRONTIER_MEMBER|DOMAIN_WEIGHT|ALIGNMENT,manuscript,1,0,4,0.46,0.2,0,0,0,
manuscript-revision-cycle__noisy,in-domain,2,manuscript,canonical-cnl,manuscript-revision-cycle__noisy_clean_p2_rich,RUN|SOURCE|SEGMENT|OBSERVER|BUDGET|CONTEXT|HYPOTHESIS|OBSERVATION|PROVENANCE|HYPOTHESIS_SUPPORT|HYPOTHESIS_CONFIDENCE|AMBIGUITY|THEORY|SCHEMA|RULE|INVARIANT|COMPOSITION|SUPPORT|THEORY_EVIDENCE|SCORE|MATCHED_STATE|TRANSFORM|EQUIVALENCE|CONSEQUENCE|FRONTIER|FRONTIER_MEMBER|DOMAIN_WEIGHT|ALIGNMENT,manuscript,1,0,4,0.312,0.2,0,0,0,
manuscript-revision-cycle__noisy,in-domain,3,manuscript,canonical-cnl,manuscript-revision-cycle__noisy_clean_p3_rich,RUN|SOURCE|SEGMENT|OBSERVER|BUDGET|CONTEXT|HYPOTHESIS|OBSERVATION|PROVENANCE|HYPOTHESIS_SUPPORT|HYPOTHESIS_CONFIDENCE|AMBIGUITY|THEORY|SCHEMA|RULE|INVARIANT|COMPOSITION|SUPPORT|THEORY_EVIDENCE|SCORE|MATCHED_STATE|TRANSFORM|EQUIVALENCE|CONSEQUENCE|FRONTIER|FRONTIER_MEMBER|DOMAIN_WEIGHT|ALIGNMENT,manuscript,1,0,4,0.532,0.2,0,0,0,
manuscript-revision-cycle__noisy,in-domain,4,manuscript,canonical-cnl,manuscript-revision-cycle__noisy_clean_p4_rich,RUN|SOURCE|SEGMENT|OBSERVER|BUDGET|CONTEXT|HYPOTHESIS|OBSERVATION|PROVENANCE|HYPOTHESIS_SUPPORT|HYPOTHESIS_CONFIDENCE|AMBIGUITY|THEORY|SCHEMA|RULE|INVARIANT|COMPOSITION|SUPPORT|THEORY_EVIDENCE|SCORE|MATCHED_STATE|TRANSFORM|EQUIVALENCE|CONSEQUENCE|FRONTIER|FRONTIER_MEMBER|DOMAIN_WEIGHT|ALIGNMENT,manuscript,1,0,4,0.46,0.2,0,0,0,
manuscript-accepted__controlled,in-domain,2,manuscript,canonical-cnl,manuscript-accepted__controlled_clean_p2_rich,RUN|SOURCE|SEGMENT|OBSERVER|BUDGET|CONTEXT|HYPOTHESIS|OBSERVATION|PROVENANCE|HYPOTHESIS_SUPPORT|HYPOTHESIS_CONFIDENCE|AMBIGUITY|THEORY|SCHEMA|MATCHED_STATE|RULE|INVARIANT|COMPOSITION|SUPPORT|THEORY_EVIDENCE|SCORE|TRANSFORM|EQUIVALENCE|CONSEQUENCE|FRONTIER|FRONTIER_MEMBER|DOMAIN_WEIGHT|ALIGNMENT,manuscript,1,0,4,0.312,0.2,0,0,0,
manuscript-accepted__controlled,in-domain,3,manuscript,canonical-cnl,manuscript-accepted__controlled_clean_p3_rich,RUN|SOURCE|SEGMENT|OBSERVER|BUDGET|CONTEXT|HYPOTHESIS|OBSERVATION|PROVENANCE|HYPOTHESIS_SUPPORT|HYPOTHESIS_CONFIDENCE|AMBIGUITY|THEORY|SCHEMA|MATCHED_STATE|RULE|INVARIANT|COMPOSITION|SUPPORT|THEORY_EVIDENCE|SCORE|TRANSFORM|EQUIVALENCE|CONSEQUENCE|FRONTIER|FRONTIER_MEMBER|DOMAIN_WEIGHT|ALIGNMENT,manuscript,1,0,4,0.792,0.2,0,0,0,
manuscript-accepted__controlled,in-domain,4,manuscript,canonical-cnl,manuscript-accepted__controlled_clean_p4_rich,RUN|SOURCE|SEGMENT|OBSERVER|BUDGET|CONTEXT|HYPOTHESIS|OBSERVATION|PROVENANCE|HYPOTHESIS_SUPPORT|HYPOTHESIS_CONFIDENCE|AMBIGUITY|THEORY|SCHEMA|MATCHED_STATE|RULE|INVARIANT|COMPOSITION|SUPPORT|THEORY_EVIDENCE|SCORE|TRANSFORM|EQUIVALENCE|CONSEQUENCE|FRONTIER|FRONTIER_MEMBER|DOMAIN_WEIGHT|ALIGNMENT,manuscript,1,0,3,1.332,0.2,0,0,0,
manuscript-accepted__paraphrased,in-domain,2,manuscript,canonical-cnl,manuscript-accepted__paraphrased_clean_p2_rich,RUN|SOURCE|SEGMENT|OBSERVER|BUDGET|CONTEXT|HYPOTHESIS|OBSERVATION|PROVENANCE|HYPOTHESIS_SUPPORT|HYPOTHESIS_CONFIDENCE|AMBIGUITY|THEORY|SCHEMA|MATCHED_STATE|RULE|INVARIANT|COMPOSITION|SUPPORT|THEORY_EVIDENCE|SCORE|TRANSFORM|EQUIVALENCE|CONSEQUENCE|FRONTIER|FRONTIER_MEMBER|DOMAIN_WEIGHT|ALIGNMENT,manuscript,1,0,4,0.312,0.2,0,0,0,
manuscript-accepted__paraphrased,in-domain,3,manuscript,canonical-cnl,manuscript-accepted__paraphrased_clean_p3_rich,RUN|SOURCE|SEGMENT|OBSERVER|BUDGET|CONTEXT|HYPOTHESIS|OBSERVATION|PROVENANCE|HYPOTHESIS_SUPPORT|HYPOTHESIS_CONFIDENCE|AMBIGUITY|THEORY|SCHEMA|MATCHED_STATE|RULE|INVARIANT|COMPOSITION|SUPPORT|THEORY_EVIDENCE|SCORE|TRANSFORM|EQUIVALENCE|CONSEQUENCE|FRONTIER|FRONTIER_MEMBER|DOMAIN_WEIGHT|ALIGNMENT,manuscript,1,0,4,0.532,0.2,0,0,0,
manuscript-accepted__paraphrased,in-domain,4,manuscript,canonical-cnl,manuscript-accepted__paraphrased_clean_p4_rich,RUN|SOURCE|SEGMENT|OBSERVER|BUDGET|CONTEXT|HYPOTHESIS|OBSERVATION|PROVENANCE|HYPOTHESIS_SUPPORT|HYPOTHESIS_CONFIDENCE|AMBIGUITY|THEORY|SCHEMA|MATCHED_STATE|RULE|INVARIANT|COMPOSITION|SUPPORT|THEORY_EVIDENCE|SCORE|TRANSFORM|EQUIVALENCE|CONSEQUENCE|FRONTIER|FRONTIER_MEMBER|DOMAIN_WEIGHT|ALIGNMENT,manuscript,1,0,4,0.4,0.2,0,0,0,
manuscript-accepted__noisy,in-domain,2,manuscript,canonical-cnl,manuscript-accepted__noisy_clean_p2_rich,RUN|SOURCE|SEGMENT|OBSERVER|BUDGET|CONTEXT|HYPOTHESIS|OBSERVATION|PROVENANCE|HYPOTHESIS_SUPPORT|HYPOTHESIS_CONFIDENCE|AMBIGUITY|THEORY|SCHEMA|MATCHED_STATE|RULE|INVARIANT|COMPOSITION|SUPPORT|THEORY_EVIDENCE|SCORE|TRANSFORM|EQUIVALENCE|CONSEQUENCE|FRONTIER|FRONTIER_MEMBER|DOMAIN_WEIGHT|ALIGNMENT,manuscript,1,0,4,0.312,0.2,0,0,0,
manuscript-accepted__noisy,in-domain,3,manuscript,canonical-cnl,manuscript-accepted__noisy_clean_p3_rich,RUN|SOURCE|SEGMENT|OBSERVER|BUDGET|CONTEXT|HYPOTHESIS|OBSERVATION|PROVENANCE|HYPOTHESIS_SUPPORT|HYPOTHESIS_CONFIDENCE|AMBIGUITY|THEORY|SCHEMA|MATCHED_STATE|RULE|INVARIANT|COMPOSITION|SUPPORT|THEORY_EVIDENCE|SCORE|TRANSFORM|EQUIVALENCE|CONSEQUENCE|FRONTIER|FRONTIER_MEMBER|DOMAIN_WEIGHT|ALIGNMENT,manuscript,1,0,4,0.532,0.2,0,0,0,
manuscript-accepted__noisy,in-domain,4,manuscript,canonical-cnl,manuscript-accepted__noisy_clean_p4_rich,RUN|SOURCE|SEGMENT|OBSERVER|BUDGET|CONTEXT|HYPOTHESIS|OBSERVATION|PROVENANCE|HYPOTHESIS_SUPPORT|HYPOTHESIS_CONFIDENCE|AMBIGUITY|THEORY|SCHEMA|MATCHED_STATE|RULE|INVARIANT|COMPOSITION|SUPPORT|THEORY_EVIDENCE|SCORE|TRANSFORM|EQUIVALENCE|CONSEQUENCE|FRONTIER|FRONTIER_MEMBER|DOMAIN_WEIGHT|ALIGNMENT,manuscript,1,0,4,0.4,0.2,0,0,0,
procurement-generic__controlled,in-domain,2,procurement,canonical-cnl,procurement-generic__controlled_clean_p2_rich,RUN|SOURCE|SEGMENT|OBSERVER|BUDGET|CONTEXT|HYPOTHESIS|OBSERVATION|PROVENANCE|HYPOTHESIS_SUPPORT|HYPOTHESIS_CONFIDENCE|AMBIGUITY|THEORY|SCHEMA|MATCHED_STATE|RULE|INVARIANT|COMPOSITION|SUPPORT|THEORY_EVIDENCE|SCORE|TRANSFORM|EQUIVALENCE|CONSEQUENCE|FRONTIER|FRONTIER_MEMBER|DOMAIN_WEIGHT|ALIGNMENT,procurement,1,0,4,0.312,0.2,0,0,0,
procurement-generic__controlled,in-domain,3,procurement,canonical-cnl,procurement-generic__controlled_clean_p3_rich,RUN|SOURCE|SEGMENT|OBSERVER|BUDGET|CONTEXT|HYPOTHESIS|OBSERVATION|PROVENANCE|HYPOTHESIS_SUPPORT|HYPOTHESIS_CONFIDENCE|AMBIGUITY|THEORY|SCHEMA|MATCHED_STATE|RULE|INVARIANT|COMPOSITION|SUPPORT|THEORY_EVIDENCE|SCORE|TRANSFORM|EQUIVALENCE|CONSEQUENCE|FRONTIER|FRONTIER_MEMBER|DOMAIN_WEIGHT|ALIGNMENT,procurement,1,0,4,0.572,0.2,0,0,0,
procurement-generic__controlled,in-domain,4,procurement,canonical-cnl,procurement-generic__controlled_clean_p4_rich,RUN|SOURCE|SEGMENT|OBSERVER|BUDGET|CONTEXT|HYPOTHESIS|OBSERVATION|PROVENANCE|HYPOTHESIS_SUPPORT|HYPOTHESIS_CONFIDENCE|AMBIGUITY|THEORY|SCHEMA|MATCHED_STATE|RULE|INVARIANT|COMPOSITION|SUPPORT|THEORY_EVIDENCE|SCORE|TRANSFORM|EQUIVALENCE|CONSEQUENCE|FRONTIER|FRONTIER_MEMBER|DOMAIN_WEIGHT|ALIGNMENT,procurement,1,0,4,0.72,0.2,0,0,0,
procurement-generic__paraphrased,in-domain,2,procurement,canonical-cnl,procurement-generic__paraphrased_clean_p2_rich,RUN|SOURCE|SEGMENT|OBSERVER|BUDGET|CONTEXT|HYPOTHESIS|OBSERVATION|PROVENANCE|HYPOTHESIS_SUPPORT|HYPOTHESIS_CONFIDENCE|AMBIGUITY|THEORY|SCHEMA|RULE|INVARIANT|COMPOSITION|SUPPORT|THEORY_EVIDENCE|SCORE|MATCHED_STATE|TRANSFORM|EQUIVALENCE|CONSEQUENCE|FRONTIER|FRONTIER_MEMBER|DOMAIN_WEIGHT|ALIGNMENT,procurement,1,0,4,0.312,0.2,0,0,0,
procurement-generic__paraphrased,in-domain,3,procurement,canonical-cnl,procurement-generic__paraphrased_clean_p3_rich,RUN|SOURCE|SEGMENT|OBSERVER|BUDGET|CONTEXT|HYPOTHESIS|OBSERVATION|PROVENANCE|HYPOTHESIS_SUPPORT|HYPOTHESIS_CONFIDENCE|AMBIGUITY|THEORY|SCHEMA|RULE|INVARIANT|COMPOSITION|SUPPORT|THEORY_EVIDENCE|SCORE|MATCHED_STATE|TRANSFORM|EQUIVALENCE|CONSEQUENCE|FRONTIER|FRONTIER_MEMBER|DOMAIN_WEIGHT|ALIGNMENT,procurement,1,0,4,0.572,0.2,0,0,0,
procurement-generic__paraphrased,in-domain,4,procurement,canonical-cnl,procurement-generic__paraphrased_clean_p4_rich,RUN|SOURCE|SEGMENT|OBSERVER|BUDGET|CONTEXT|HYPOTHESIS|OBSERVATION|PROVENANCE|HYPOTHESIS_SUPPORT|HYPOTHESIS_CONFIDENCE|AMBIGUITY|THEORY|SCHEMA|RULE|INVARIANT|COMPOSITION|SUPPORT|THEORY_EVIDENCE|SCORE|MATCHED_STATE|TRANSFORM|EQUIVALENCE|CONSEQUENCE|FRONTIER|FRONTIER_MEMBER|DOMAIN_WEIGHT|ALIGNMENT,procurement,1,0,4,0.72,0.2,0,0,0,
procurement-generic__noisy,in-domain,2,procurement,canonical-cnl,procurement-generic__noisy_clean_p2_rich,RUN|SOURCE|SEGMENT|OBSERVER|BUDGET|CONTEXT|HYPOTHESIS|OBSERVATION|PROVENANCE|HYPOTHESIS_SUPPORT|HYPOTHESIS_CONFIDENCE|AMBIGUITY|THEORY|SCHEMA|MATCHED_STATE|RULE|INVARIANT|COMPOSITION|SUPPORT|THEORY_EVIDENCE|SCORE|TRANSFORM|EQUIVALENCE|CONSEQUENCE|FRONTIER|FRONTIER_MEMBER|DOMAIN_WEIGHT|ALIGNMENT,procurement,1,0,4,0.312,0.2,0,0,0,
procurement-generic__noisy,in-domain,3,procurement,canonical-cnl,procurement-generic__noisy_clean_p3_rich,RUN|SOURCE|SEGMENT|OBSERVER|BUDGET|CONTEXT|HYPOTHESIS|OBSERVATION|PROVENANCE|HYPOTHESIS_SUPPORT|HYPOTHESIS_CONFIDENCE|AMBIGUITY|THEORY|SCHEMA|MATCHED_STATE|RULE|INVARIANT|COMPOSITION|SUPPORT|THEORY_EVIDENCE|SCORE|TRANSFORM|EQUIVALENCE|CONSEQUENCE|FRONTIER|FRONTIER_MEMBER|DOMAIN_WEIGHT|ALIGNMENT,procurement,1,0,4,0.572,0.2,0,0,0,
procurement-generic__noisy,in-domain,4,procurement,canonical-cnl,procurement-generic__noisy_clean_p4_rich,RUN|SOURCE|SEGMENT|OBSERVER|BUDGET|CONTEXT|HYPOTHESIS|OBSERVATION|PROVENANCE|HYPOTHESIS_SUPPORT|HYPOTHESIS_CONFIDENCE|AMBIGUITY|THEORY|SCHEMA|MATCHED_STATE|RULE|INVARIANT|COMPOSITION|SUPPORT|THEORY_EVIDENCE|SCORE|TRANSFORM|EQUIVALENCE|CONSEQUENCE|FRONTIER|FRONTIER_MEMBER|DOMAIN_WEIGHT|ALIGNMENT,procurement,1,0,4,0.72,0.2,0,0,0,
procurement-payment-order__controlled,in-domain,2,procurement,canonical-cnl,procurement-payment-order__controlled_clean_p2_rich,RUN|SOURCE|SEGMENT|OBSERVER|BUDGET|CONTEXT|HYPOTHESIS|OBSERVATION|PROVENANCE|HYPOTHESIS_SUPPORT|HYPOTHESIS_CONFIDENCE|AMBIGUITY|THEORY|SCHEMA|MATCHED_STATE|RULE|INVARIANT|COMPOSITION|SUPPORT|THEORY_EVIDENCE|SCORE|TRANSFORM|EQUIVALENCE|CONSEQUENCE|FRONTIER|FRONTIER_MEMBER|DOMAIN_WEIGHT|ALIGNMENT,procurement,1,0,4,0.532,0.2,0,0,0,
procurement-payment-order__controlled,in-domain,3,procurement,canonical-cnl,procurement-payment-order__controlled_clean_p3_rich,RUN|SOURCE|SEGMENT|OBSERVER|BUDGET|CONTEXT|HYPOTHESIS|OBSERVATION|PROVENANCE|HYPOTHESIS_SUPPORT|HYPOTHESIS_CONFIDENCE|AMBIGUITY|THEORY|SCHEMA|MATCHED_STATE|RULE|INVARIANT|COMPOSITION|SUPPORT|THEORY_EVIDENCE|SCORE|TRANSFORM|EQUIVALENCE|CONSEQUENCE|FRONTIER|FRONTIER_MEMBER|DOMAIN_WEIGHT|ALIGNMENT,procurement,1,0,4,0.792,0.2,0,0,0,
procurement-payment-order__controlled,in-domain,4,procurement,canonical-cnl,procurement-payment-order__controlled_clean_p4_rich,RUN|SOURCE|SEGMENT|OBSERVER|BUDGET|CONTEXT|HYPOTHESIS|OBSERVATION|PROVENANCE|HYPOTHESIS_SUPPORT|HYPOTHESIS_CONFIDENCE|AMBIGUITY|THEORY|SCHEMA|MATCHED_STATE|RULE|INVARIANT|COMPOSITION|SUPPORT|THEORY_EVIDENCE|SCORE|TRANSFORM|EQUIVALENCE|CONSEQUENCE|FRONTIER|FRONTIER_MEMBER|DOMAIN_WEIGHT|ALIGNMENT,procurement,1,0,3,1.312,0.2,0,0,0,
procurement-payment-order__paraphrased,in-domain,2,procurement,canonical-cnl,procurement-payment-order__paraphrased_clean_p2_rich,RUN|SOURCE|SEGMENT|OBSERVER|BUDGET|CONTEXT|HYPOTHESIS|OBSERVATION|PROVENANCE|HYPOTHESIS_SUPPORT|HYPOTHESIS_CONFIDENCE|AMBIGUITY|THEORY|SCHEMA|MATCHED_STATE|RULE|INVARIANT|COMPOSITION|SUPPORT|THEORY_EVIDENCE|SCORE|TRANSFORM|EQUIVALENCE|CONSEQUENCE|FRONTIER|FRONTIER_MEMBER|DOMAIN_WEIGHT|ALIGNMENT,procurement,1,0,4,0.532,0.2,0,0,0,
procurement-payment-order__paraphrased,in-domain,3,procurement,canonical-cnl,procurement-payment-order__paraphrased_clean_p3_rich,RUN|SOURCE|SEGMENT|OBSERVER|BUDGET|CONTEXT|HYPOTHESIS|OBSERVATION|PROVENANCE|HYPOTHESIS_SUPPORT|HYPOTHESIS_CONFIDENCE|AMBIGUITY|THEORY|SCHEMA|MATCHED_STATE|RULE|INVARIANT|COMPOSITION|SUPPORT|THEORY_EVIDENCE|SCORE|TRANSFORM|EQUIVALENCE|CONSEQUENCE|FRONTIER|FRONTIER_MEMBER|DOMAIN_WEIGHT|ALIGNMENT,procurement,1,0,4,0.792,0.2,0,0,0,
procurement-payment-order__paraphrased,in-domain,4,procurement,canonical-cnl,procurement-payment-order__paraphrased_clean_p4_rich,RUN|SOURCE|SEGMENT|OBSERVER|BUDGET|CONTEXT|HYPOTHESIS|OBSERVATION|PROVENANCE|HYPOTHESIS_SUPPORT|HYPOTHESIS_CONFIDENCE|AMBIGUITY|THEORY|SCHEMA|MATCHED_STATE|RULE|INVARIANT|COMPOSITION|SUPPORT|THEORY_EVIDENCE|SCORE|TRANSFORM|EQUIVALENCE|CONSEQUENCE|FRONTIER|FRONTIER_MEMBER|DOMAIN_WEIGHT|ALIGNMENT,procurement,1,0,4,1.072,0.2,0,0,0,
procurement-payment-order__noisy,in-domain,2,procurement,canonical-cnl,procurement-payment-order__noisy_clean_p2_rich,RUN|SOURCE|SEGMENT|OBSERVER|BUDGET|CONTEXT|HYPOTHESIS|OBSERVATION|PROVENANCE|HYPOTHESIS_SUPPORT|HYPOTHESIS_CONFIDENCE|AMBIGUITY|THEORY|SCHEMA|MATCHED_STATE|RULE|INVARIANT|COMPOSITION|SUPPORT|THEORY_EVIDENCE|SCORE|TRANSFORM|EQUIVALENCE|CONSEQUENCE|FRONTIER|FRONTIER_MEMBER|DOMAIN_WEIGHT|ALIGNMENT,procurement,1,0,4,0.532,0.2,0,0,0,
procurement-payment-order__noisy,in-domain,3,procurement,canonical-cnl,procurement-payment-order__noisy_clean_p3_rich,RUN|SOURCE|SEGMENT|OBSERVER|BUDGET|CONTEXT|HYPOTHESIS|OBSERVATION|PROVENANCE|HYPOTHESIS_SUPPORT|HYPOTHESIS_CONFIDENCE|AMBIGUITY|THEORY|SCHEMA|MATCHED_STATE|RULE|INVARIANT|COMPOSITION|SUPPORT|THEORY_EVIDENCE|SCORE|TRANSFORM|EQUIVALENCE|CONSEQUENCE|FRONTIER|FRONTIER_MEMBER|DOMAIN_WEIGHT|ALIGNMENT,procurement,1,0,4,0.792,0.2,0,0,0,
procurement-payment-order__noisy,in-domain,4,procurement,canonical-cnl,procurement-payment-order__noisy_clean_p4_rich,RUN|SOURCE|SEGMENT|OBSERVER|BUDGET|CONTEXT|HYPOTHESIS|OBSERVATION|PROVENANCE|HYPOTHESIS_SUPPORT|HYPOTHESIS_CONFIDENCE|AMBIGUITY|THEORY|SCHEMA|MATCHED_STATE|RULE|INVARIANT|COMPOSITION|SUPPORT|THEORY_EVIDENCE|SCORE|TRANSFORM|EQUIVALENCE|CONSEQUENCE|FRONTIER|FRONTIER_MEMBER|DOMAIN_WEIGHT|ALIGNMENT,procurement,1,0,4,1.072,0.2,0,0,0,
maintenance-generic__controlled,in-domain,2,maintenance,canonical-cnl,maintenance-generic__controlled_clean_p2_rich,RUN|SOURCE|SEGMENT|OBSERVER|BUDGET|CONTEXT|HYPOTHESIS|OBSERVATION|PROVENANCE|HYPOTHESIS_SUPPORT|HYPOTHESIS_CONFIDENCE|AMBIGUITY|THEORY|SCHEMA|MATCHED_STATE|RULE|INVARIANT|COMPOSITION|SUPPORT|THEORY_EVIDENCE|SCORE|TRANSFORM|EQUIVALENCE|CONSEQUENCE|FRONTIER|FRONTIER_MEMBER|DOMAIN_WEIGHT|ALIGNMENT,maintenance,1,0,4,0.312,0.2,0,0,0,
maintenance-generic__controlled,in-domain,3,maintenance,canonical-cnl,maintenance-generic__controlled_clean_p3_rich,RUN|SOURCE|SEGMENT|OBSERVER|BUDGET|CONTEXT|HYPOTHESIS|OBSERVATION|PROVENANCE|HYPOTHESIS_SUPPORT|HYPOTHESIS_CONFIDENCE|AMBIGUITY|THEORY|SCHEMA|MATCHED_STATE|RULE|INVARIANT|COMPOSITION|SUPPORT|THEORY_EVIDENCE|SCORE|TRANSFORM|EQUIVALENCE|CONSEQUENCE|FRONTIER|FRONTIER_MEMBER|DOMAIN_WEIGHT|ALIGNMENT,maintenance,1,0,4,0.852,0.2,0,0,0,
maintenance-generic__controlled,in-domain,4,maintenance,canonical-cnl,maintenance-generic__controlled_clean_p4_rich,RUN|SOURCE|SEGMENT|OBSERVER|BUDGET|CONTEXT|HYPOTHESIS|OBSERVATION|PROVENANCE|HYPOTHESIS_SUPPORT|HYPOTHESIS_CONFIDENCE|AMBIGUITY|THEORY|SCHEMA|MATCHED_STATE|RULE|INVARIANT|COMPOSITION|SUPPORT|THEORY_EVIDENCE|SCORE|TRANSFORM|EQUIVALENCE|CONSEQUENCE|FRONTIER|FRONTIER_MEMBER|DOMAIN_WEIGHT|ALIGNMENT,maintenance,1,0,4,0.852,0.2,0,0,0,
maintenance-generic__paraphrased,in-domain,2,maintenance,canonical-cnl,maintenance-generic__paraphrased_clean_p2_rich,RUN|SOURCE|SEGMENT|OBSERVER|BUDGET|CONTEXT|HYPOTHESIS|OBSERVATION|PROVENANCE|HYPOTHESIS_SUPPORT|HYPOTHESIS_CONFIDENCE|AMBIGUITY|THEORY|SCHEMA|RULE|INVARIANT|COMPOSITION|SUPPORT|THEORY_EVIDENCE|SCORE|MATCHED_STATE|TRANSFORM|EQUIVALENCE|CONSEQUENCE|FRONTIER|FRONTIER_MEMBER|DOMAIN_WEIGHT|ALIGNMENT,maintenance,1,0,4,0.312,0.2,0,0,0,
maintenance-generic__paraphrased,in-domain,3,maintenance,canonical-cnl,maintenance-generic__paraphrased_clean_p3_rich,RUN|SOURCE|SEGMENT|OBSERVER|BUDGET|CONTEXT|HYPOTHESIS|OBSERVATION|PROVENANCE|HYPOTHESIS_SUPPORT|HYPOTHESIS_CONFIDENCE|AMBIGUITY|THEORY|SCHEMA|RULE|INVARIANT|COMPOSITION|SUPPORT|THEORY_EVIDENCE|SCORE|MATCHED_STATE|TRANSFORM|EQUIVALENCE|CONSEQUENCE|FRONTIER|FRONTIER_MEMBER|DOMAIN_WEIGHT|ALIGNMENT,maintenance,1,0,4,0.24,0.2,0,0,0,
maintenance-generic__paraphrased,in-domain,4,maintenance,canonical-cnl,maintenance-generic__paraphrased_clean_p4_rich,RUN|SOURCE|SEGMENT|OBSERVER|BUDGET|CONTEXT|HYPOTHESIS|OBSERVATION|PROVENANCE|HYPOTHESIS_SUPPORT|HYPOTHESIS_CONFIDENCE|AMBIGUITY|THEORY|SCHEMA|RULE|INVARIANT|COMPOSITION|SUPPORT|THEORY_EVIDENCE|SCORE|MATCHED_STATE|TRANSFORM|EQUIVALENCE|CONSEQUENCE|FRONTIER|FRONTIER_MEMBER|DOMAIN_WEIGHT|ALIGNMENT,maintenance,1,0,4,0.24,0.2,0,0,0,
maintenance-generic__noisy,in-domain,2,maintenance,canonical-cnl,maintenance-generic__noisy_clean_p2_rich,RUN|SOURCE|SEGMENT|OBSERVER|BUDGET|CONTEXT|HYPOTHESIS|OBSERVATION|PROVENANCE|HYPOTHESIS_SUPPORT|HYPOTHESIS_CONFIDENCE|AMBIGUITY|THEORY|SCHEMA|MATCHED_STATE|RULE|INVARIANT|COMPOSITION|SUPPORT|THEORY_EVIDENCE|SCORE|TRANSFORM|EQUIVALENCE|CONSEQUENCE|FRONTIER|FRONTIER_MEMBER|DOMAIN_WEIGHT|ALIGNMENT,maintenance,1,0,4,0.312,0.2,0,0,0,
maintenance-generic__noisy,in-domain,3,maintenance,canonical-cnl,maintenance-generic__noisy_clean_p3_rich,RUN|SOURCE|SEGMENT|OBSERVER|BUDGET|CONTEXT|HYPOTHESIS|OBSERVATION|PROVENANCE|HYPOTHESIS_SUPPORT|HYPOTHESIS_CONFIDENCE|AMBIGUITY|THEORY|SCHEMA|MATCHED_STATE|RULE|INVARIANT|COMPOSITION|SUPPORT|THEORY_EVIDENCE|SCORE|TRANSFORM|EQUIVALENCE|CONSEQUENCE|FRONTIER|FRONTIER_MEMBER|DOMAIN_WEIGHT|ALIGNMENT,maintenance,1,0,4,0.24,0.2,0,0,0,
maintenance-generic__noisy,in-domain,4,maintenance,canonical-cnl,maintenance-generic__noisy_clean_p4_rich,RUN|SOURCE|SEGMENT|OBSERVER|BUDGET|CONTEXT|HYPOTHESIS|OBSERVATION|PROVENANCE|HYPOTHESIS_SUPPORT|HYPOTHESIS_CONFIDENCE|AMBIGUITY|THEORY|SCHEMA|MATCHED_STATE|RULE|INVARIANT|COMPOSITION|SUPPORT|THEORY_EVIDENCE|SCORE|TRANSFORM|EQUIVALENCE|CONSEQUENCE|FRONTIER|FRONTIER_MEMBER|DOMAIN_WEIGHT|ALIGNMENT,maintenance,1,0,4,0.24,0.2,0,0,0,
maintenance-diagnostic__controlled,in-domain,2,maintenance,canonical-cnl,maintenance-diagnostic__controlled_clean_p2_rich,RUN|SOURCE|SEGMENT|OBSERVER|BUDGET|CONTEXT|HYPOTHESIS|OBSERVATION|PROVENANCE|HYPOTHESIS_SUPPORT|HYPOTHESIS_CONFIDENCE|AMBIGUITY|THEORY|SCHEMA|MATCHED_STATE|RULE|INVARIANT|COMPOSITION|SUPPORT|THEORY_EVIDENCE|SCORE|TRANSFORM|EQUIVALENCE|CONSEQUENCE|FRONTIER|FRONTIER_MEMBER|DOMAIN_WEIGHT|ALIGNMENT,maintenance,1,0,4,0.552,0.2,0,0,0,
maintenance-diagnostic__controlled,in-domain,3,maintenance,canonical-cnl,maintenance-diagnostic__controlled_clean_p3_rich,RUN|SOURCE|SEGMENT|OBSERVER|BUDGET|CONTEXT|HYPOTHESIS|OBSERVATION|PROVENANCE|HYPOTHESIS_SUPPORT|HYPOTHESIS_CONFIDENCE|AMBIGUITY|THEORY|SCHEMA|MATCHED_STATE|RULE|INVARIANT|COMPOSITION|SUPPORT|THEORY_EVIDENCE|SCORE|TRANSFORM|EQUIVALENCE|CONSEQUENCE|FRONTIER|FRONTIER_MEMBER|DOMAIN_WEIGHT|ALIGNMENT,maintenance,1,0,4,1.052,0.2,0,0,0,
maintenance-diagnostic__controlled,in-domain,4,maintenance,canonical-cnl,maintenance-diagnostic__controlled_clean_p4_rich,RUN|SOURCE|SEGMENT|OBSERVER|BUDGET|CONTEXT|HYPOTHESIS|OBSERVATION|PROVENANCE|HYPOTHESIS_SUPPORT|HYPOTHESIS_CONFIDENCE|AMBIGUITY|THEORY|SCHEMA|MATCHED_STATE|RULE|INVARIANT|COMPOSITION|SUPPORT|THEORY_EVIDENCE|SCORE|TRANSFORM|EQUIVALENCE|CONSEQUENCE|FRONTIER|FRONTIER_MEMBER|DOMAIN_WEIGHT|ALIGNMENT,maintenance,1,0,4,1.272,0.2,0,0,0,
maintenance-diagnostic__paraphrased,in-domain,2,maintenance,canonical-cnl,maintenance-diagnostic__paraphrased_clean_p2_rich,RUN|SOURCE|SEGMENT|OBSERVER|BUDGET|CONTEXT|HYPOTHESIS|OBSERVATION|PROVENANCE|HYPOTHESIS_SUPPORT|HYPOTHESIS_CONFIDENCE|AMBIGUITY|THEORY|SCHEMA|MATCHED_STATE|RULE|INVARIANT|COMPOSITION|SUPPORT|THEORY_EVIDENCE|SCORE|TRANSFORM|EQUIVALENCE|CONSEQUENCE|FRONTIER|FRONTIER_MEMBER|DOMAIN_WEIGHT|ALIGNMENT,maintenance,1,0,4,0.352,0.2,0,0,0,
maintenance-diagnostic__paraphrased,in-domain,3,maintenance,canonical-cnl,maintenance-diagnostic__paraphrased_clean_p3_rich,RUN|SOURCE|SEGMENT|OBSERVER|BUDGET|CONTEXT|HYPOTHESIS|OBSERVATION|PROVENANCE|HYPOTHESIS_SUPPORT|HYPOTHESIS_CONFIDENCE|AMBIGUITY|THEORY|SCHEMA|MATCHED_STATE|RULE|INVARIANT|COMPOSITION|SUPPORT|THEORY_EVIDENCE|SCORE|TRANSFORM|EQUIVALENCE|CONSEQUENCE|FRONTIER|FRONTIER_MEMBER|DOMAIN_WEIGHT|ALIGNMENT,maintenance,1,0,4,0.852,0.2,0,0,0,
maintenance-diagnostic__paraphrased,in-domain,4,maintenance,canonical-cnl,maintenance-diagnostic__paraphrased_clean_p4_rich,RUN|SOURCE|SEGMENT|OBSERVER|BUDGET|CONTEXT|HYPOTHESIS|OBSERVATION|PROVENANCE|HYPOTHESIS_SUPPORT|HYPOTHESIS_CONFIDENCE|AMBIGUITY|THEORY|SCHEMA|MATCHED_STATE|RULE|INVARIANT|COMPOSITION|SUPPORT|THEORY_EVIDENCE|SCORE|TRANSFORM|EQUIVALENCE|CONSEQUENCE|FRONTIER|FRONTIER_MEMBER|DOMAIN_WEIGHT|ALIGNMENT,maintenance,1,0,4,1.272,0.2,0,0,0,
maintenance-diagnostic__noisy,in-domain,2,maintenance,canonical-cnl,maintenance-diagnostic__noisy_clean_p2_rich,RUN|SOURCE|SEGMENT|OBSERVER|BUDGET|CONTEXT|HYPOTHESIS|OBSERVATION|PROVENANCE|HYPOTHESIS_SUPPORT|HYPOTHESIS_CONFIDENCE|AMBIGUITY|THEORY|SCHEMA|MATCHED_STATE|RULE|INVARIANT|COMPOSITION|SUPPORT|THEORY_EVIDENCE|SCORE|TRANSFORM|EQUIVALENCE|CONSEQUENCE|FRONTIER|FRONTIER_MEMBER|DOMAIN_WEIGHT|ALIGNMENT,maintenance,1,0,4,0.352,0.2,0,0,0,
maintenance-diagnostic__noisy,in-domain,3,maintenance,canonical-cnl,maintenance-diagnostic__noisy_clean_p3_rich,RUN|SOURCE|SEGMENT|OBSERVER|BUDGET|CONTEXT|HYPOTHESIS|OBSERVATION|PROVENANCE|HYPOTHESIS_SUPPORT|HYPOTHESIS_CONFIDENCE|AMBIGUITY|THEORY|SCHEMA|MATCHED_STATE|RULE|INVARIANT|COMPOSITION|SUPPORT|THEORY_EVIDENCE|SCORE|TRANSFORM|EQUIVALENCE|CONSEQUENCE|FRONTIER|FRONTIER_MEMBER|DOMAIN_WEIGHT|ALIGNMENT,maintenance,1,0,4,0.852,0.2,0,0,0,
maintenance-diagnostic__noisy,in-domain,4,maintenance,canonical-cnl,maintenance-diagnostic__noisy_clean_p4_rich,RUN|SOURCE|SEGMENT|OBSERVER|BUDGET|CONTEXT|HYPOTHESIS|OBSERVATION|PROVENANCE|HYPOTHESIS_SUPPORT|HYPOTHESIS_CONFIDENCE|AMBIGUITY|THEORY|SCHEMA|MATCHED_STATE|RULE|INVARIANT|COMPOSITION|SUPPORT|THEORY_EVIDENCE|SCORE|TRANSFORM|EQUIVALENCE|CONSEQUENCE|FRONTIER|FRONTIER_MEMBER|DOMAIN_WEIGHT|ALIGNMENT,maintenance,1,0,4,1.272,0.2,0,0,0,
incident-forensic__controlled,in-domain,2,incident,canonical-cnl,incident-forensic__controlled_clean_p2_rich,RUN|SOURCE|SEGMENT|OBSERVER|BUDGET|CONTEXT|HYPOTHESIS|OBSERVATION|PROVENANCE|HYPOTHESIS_SUPPORT|HYPOTHESIS_CONFIDENCE|AMBIGUITY|THEORY|SCHEMA|MATCHED_STATE|RULE|INVARIANT|COMPOSITION|SUPPORT|THEORY_EVIDENCE|SCORE|TRANSFORM|EQUIVALENCE|CONSEQUENCE|FRONTIER|FRONTIER_MEMBER|DOMAIN_WEIGHT|ALIGNMENT,incident,1,0,4,0.312,0.2,0,0,0,
incident-forensic__controlled,in-domain,3,incident,canonical-cnl,incident-forensic__controlled_clean_p3_rich,RUN|SOURCE|SEGMENT|OBSERVER|BUDGET|CONTEXT|HYPOTHESIS|OBSERVATION|PROVENANCE|HYPOTHESIS_SUPPORT|HYPOTHESIS_CONFIDENCE|AMBIGUITY|THEORY|SCHEMA|MATCHED_STATE|RULE|INVARIANT|COMPOSITION|SUPPORT|THEORY_EVIDENCE|SCORE|TRANSFORM|EQUIVALENCE|CONSEQUENCE|FRONTIER|FRONTIER_MEMBER|DOMAIN_WEIGHT|ALIGNMENT,incident,1,0,4,0.832,0.2,0,0,0,
incident-forensic__controlled,in-domain,4,incident,canonical-cnl,incident-forensic__controlled_clean_p4_rich,RUN|SOURCE|SEGMENT|OBSERVER|BUDGET|CONTEXT|HYPOTHESIS|OBSERVATION|PROVENANCE|HYPOTHESIS_SUPPORT|HYPOTHESIS_CONFIDENCE|AMBIGUITY|THEORY|SCHEMA|MATCHED_STATE|RULE|INVARIANT|COMPOSITION|SUPPORT|THEORY_EVIDENCE|SCORE|TRANSFORM|EQUIVALENCE|CONSEQUENCE|FRONTIER|FRONTIER_MEMBER|DOMAIN_WEIGHT|ALIGNMENT,incident,1,0,4,0.68,0.2,0,0,0,
incident-forensic__paraphrased,in-domain,2,incident,canonical-cnl,incident-forensic__paraphrased_clean_p2_rich,RUN|SOURCE|SEGMENT|OBSERVER|BUDGET|CONTEXT|HYPOTHESIS|OBSERVATION|PROVENANCE|HYPOTHESIS_SUPPORT|HYPOTHESIS_CONFIDENCE|AMBIGUITY|THEORY|SCHEMA|RULE|INVARIANT|COMPOSITION|SUPPORT|THEORY_EVIDENCE|SCORE|MATCHED_STATE|TRANSFORM|EQUIVALENCE|CONSEQUENCE|FRONTIER|FRONTIER_MEMBER|DOMAIN_WEIGHT|ALIGNMENT,incident,1,0,4,0.312,0.2,0,0,0,
incident-forensic__paraphrased,in-domain,3,incident,canonical-cnl,incident-forensic__paraphrased_clean_p3_rich,RUN|SOURCE|SEGMENT|OBSERVER|BUDGET|CONTEXT|HYPOTHESIS|OBSERVATION|PROVENANCE|HYPOTHESIS_SUPPORT|HYPOTHESIS_CONFIDENCE|AMBIGUITY|THEORY|SCHEMA|RULE|INVARIANT|COMPOSITION|SUPPORT|THEORY_EVIDENCE|SCORE|MATCHED_STATE|TRANSFORM|EQUIVALENCE|CONSEQUENCE|FRONTIER|FRONTIER_MEMBER|DOMAIN_WEIGHT|ALIGNMENT,incident,1,0,4,0.46,0.2,0,0,0,
incident-forensic__paraphrased,in-domain,4,incident,canonical-cnl,incident-forensic__paraphrased_clean_p4_rich,RUN|SOURCE|SEGMENT|OBSERVER|BUDGET|CONTEXT|HYPOTHESIS|OBSERVATION|PROVENANCE|HYPOTHESIS_SUPPORT|HYPOTHESIS_CONFIDENCE|AMBIGUITY|THEORY|SCHEMA|RULE|INVARIANT|COMPOSITION|SUPPORT|THEORY_EVIDENCE|SCORE|MATCHED_STATE|TRANSFORM|EQUIVALENCE|CONSEQUENCE|FRONTIER|FRONTIER_MEMBER|DOMAIN_WEIGHT|ALIGNMENT,incident,1,0,4,0.68,0.2,0,0,0,
incident-forensic__noisy,in-domain,2,incident,canonical-cnl,incident-forensic__noisy_clean_p2_rich,RUN|SOURCE|SEGMENT|OBSERVER|BUDGET|CONTEXT|HYPOTHESIS|OBSERVATION|PROVENANCE|HYPOTHESIS_SUPPORT|HYPOTHESIS_CONFIDENCE|AMBIGUITY|THEORY|SCHEMA|MATCHED_STATE|RULE|INVARIANT|COMPOSITION|SUPPORT|THEORY_EVIDENCE|SCORE|TRANSFORM|EQUIVALENCE|CONSEQUENCE|FRONTIER|FRONTIER_MEMBER|DOMAIN_WEIGHT|ALIGNMENT,incident,1,0,4,0.312,0.2,0,0,0,
incident-forensic__noisy,in-domain,3,incident,canonical-cnl,incident-forensic__noisy_clean_p3_rich,RUN|SOURCE|SEGMENT|OBSERVER|BUDGET|CONTEXT|HYPOTHESIS|OBSERVATION|PROVENANCE|HYPOTHESIS_SUPPORT|HYPOTHESIS_CONFIDENCE|AMBIGUITY|THEORY|SCHEMA|MATCHED_STATE|RULE|INVARIANT|COMPOSITION|SUPPORT|THEORY_EVIDENCE|SCORE|TRANSFORM|EQUIVALENCE|CONSEQUENCE|FRONTIER|FRONTIER_MEMBER|DOMAIN_WEIGHT|ALIGNMENT,incident,1,0,4,0.46,0.2,0,0,0,
incident-forensic__noisy,in-domain,4,incident,canonical-cnl,incident-forensic__noisy_clean_p4_rich,RUN|SOURCE|SEGMENT|OBSERVER|BUDGET|CONTEXT|HYPOTHESIS|OBSERVATION|PROVENANCE|HYPOTHESIS_SUPPORT|HYPOTHESIS_CONFIDENCE|AMBIGUITY|THEORY|SCHEMA|MATCHED_STATE|RULE|INVARIANT|COMPOSITION|SUPPORT|THEORY_EVIDENCE|SCORE|TRANSFORM|EQUIVALENCE|CONSEQUENCE|FRONTIER|FRONTIER_MEMBER|DOMAIN_WEIGHT|ALIGNMENT,incident,1,0,4,0.68,0.2,0,0,0,
incident-postmortem__controlled,in-domain,2,incident,canonical-cnl,incident-postmortem__controlled_clean_p2_rich,RUN|SOURCE|SEGMENT|OBSERVER|BUDGET|CONTEXT|HYPOTHESIS|OBSERVATION|PROVENANCE|HYPOTHESIS_SUPPORT|HYPOTHESIS_CONFIDENCE|AMBIGUITY|THEORY|SCHEMA|MATCHED_STATE|RULE|INVARIANT|COMPOSITION|SUPPORT|THEORY_EVIDENCE|SCORE|TRANSFORM|EQUIVALENCE|CONSEQUENCE|FRONTIER|FRONTIER_MEMBER|DOMAIN_WEIGHT|ALIGNMENT,incident,1,0,4,0.312,0.2,0,0,0,
incident-postmortem__controlled,in-domain,3,incident,canonical-cnl,incident-postmortem__controlled_clean_p3_rich,RUN|SOURCE|SEGMENT|OBSERVER|BUDGET|CONTEXT|HYPOTHESIS|OBSERVATION|PROVENANCE|HYPOTHESIS_SUPPORT|HYPOTHESIS_CONFIDENCE|AMBIGUITY|THEORY|SCHEMA|MATCHED_STATE|RULE|INVARIANT|COMPOSITION|SUPPORT|THEORY_EVIDENCE|SCORE|TRANSFORM|EQUIVALENCE|CONSEQUENCE|FRONTIER|FRONTIER_MEMBER|DOMAIN_WEIGHT|ALIGNMENT,incident,1,0,4,0.832,0.2,0,0,0,
incident-postmortem__controlled,in-domain,4,incident,canonical-cnl,incident-postmortem__controlled_clean_p4_rich,RUN|SOURCE|SEGMENT|OBSERVER|BUDGET|CONTEXT|HYPOTHESIS|OBSERVATION|PROVENANCE|HYPOTHESIS_SUPPORT|HYPOTHESIS_CONFIDENCE|AMBIGUITY|THEORY|SCHEMA|MATCHED_STATE|RULE|INVARIANT|COMPOSITION|SUPPORT|THEORY_EVIDENCE|SCORE|TRANSFORM|EQUIVALENCE|CONSEQUENCE|FRONTIER|FRONTIER_MEMBER|DOMAIN_WEIGHT|ALIGNMENT,incident,1,0,4,0.64,0.2,0,0,0,
incident-postmortem__paraphrased,in-domain,2,incident,canonical-cnl,incident-postmortem__paraphrased_clean_p2_rich,RUN|SOURCE|SEGMENT|OBSERVER|BUDGET|CONTEXT|HYPOTHESIS|OBSERVATION|PROVENANCE|HYPOTHESIS_SUPPORT|HYPOTHESIS_CONFIDENCE|AMBIGUITY|THEORY|SCHEMA|MATCHED_STATE|RULE|INVARIANT|COMPOSITION|SUPPORT|THEORY_EVIDENCE|SCORE|TRANSFORM|EQUIVALENCE|CONSEQUENCE|FRONTIER|FRONTIER_MEMBER|DOMAIN_WEIGHT|ALIGNMENT,incident,1,0,4,0.312,0.2,0,0,0,
incident-postmortem__paraphrased,in-domain,3,incident,canonical-cnl,incident-postmortem__paraphrased_clean_p3_rich,RUN|SOURCE|SEGMENT|OBSERVER|BUDGET|CONTEXT|HYPOTHESIS|OBSERVATION|PROVENANCE|HYPOTHESIS_SUPPORT|HYPOTHESIS_CONFIDENCE|AMBIGUITY|THEORY|SCHEMA|MATCHED_STATE|RULE|INVARIANT|COMPOSITION|SUPPORT|THEORY_EVIDENCE|SCORE|TRANSFORM|EQUIVALENCE|CONSEQUENCE|FRONTIER|FRONTIER_MEMBER|DOMAIN_WEIGHT|ALIGNMENT,incident,1,0,4,0.18,0.2,0,0,0,
incident-postmortem__paraphrased,in-domain,4,incident,canonical-cnl,incident-postmortem__paraphrased_clean_p4_rich,RUN|SOURCE|SEGMENT|OBSERVER|BUDGET|CONTEXT|HYPOTHESIS|OBSERVATION|PROVENANCE|HYPOTHESIS_SUPPORT|HYPOTHESIS_CONFIDENCE|AMBIGUITY|THEORY|SCHEMA|MATCHED_STATE|RULE|INVARIANT|COMPOSITION|SUPPORT|THEORY_EVIDENCE|SCORE|TRANSFORM|EQUIVALENCE|CONSEQUENCE|FRONTIER|FRONTIER_MEMBER|DOMAIN_WEIGHT|ALIGNMENT,incident,1,0,4,0.36,0.2,0,0,0,
incident-postmortem__noisy,in-domain,2,incident,canonical-cnl,incident-postmortem__noisy_clean_p2_rich,RUN|SOURCE|SEGMENT|OBSERVER|BUDGET|CONTEXT|HYPOTHESIS|OBSERVATION|PROVENANCE|HYPOTHESIS_SUPPORT|HYPOTHESIS_CONFIDENCE|AMBIGUITY|THEORY|SCHEMA|MATCHED_STATE|RULE|INVARIANT|COMPOSITION|SUPPORT|THEORY_EVIDENCE|SCORE|TRANSFORM|EQUIVALENCE|CONSEQUENCE|FRONTIER|FRONTIER_MEMBER|DOMAIN_WEIGHT|ALIGNMENT,incident,1,0,4,0.312,0.2,0,0,0,
incident-postmortem__noisy,in-domain,3,incident,canonical-cnl,incident-postmortem__noisy_clean_p3_rich,RUN|SOURCE|SEGMENT|OBSERVER|BUDGET|CONTEXT|HYPOTHESIS|OBSERVATION|PROVENANCE|HYPOTHESIS_SUPPORT|HYPOTHESIS_CONFIDENCE|AMBIGUITY|THEORY|SCHEMA|MATCHED_STATE|RULE|INVARIANT|COMPOSITION|SUPPORT|THEORY_EVIDENCE|SCORE|TRANSFORM|EQUIVALENCE|CONSEQUENCE|FRONTIER|FRONTIER_MEMBER|DOMAIN_WEIGHT|ALIGNMENT,incident,1,0,4,0.18,0.2,0,0,0,
incident-postmortem__noisy,in-domain,4,incident,canonical-cnl,incident-postmortem__noisy_clean_p4_rich,RUN|SOURCE|SEGMENT|OBSERVER|BUDGET|CONTEXT|HYPOTHESIS|OBSERVATION|PROVENANCE|HYPOTHESIS_SUPPORT|HYPOTHESIS_CONFIDENCE|AMBIGUITY|THEORY|SCHEMA|MATCHED_STATE|RULE|INVARIANT|COMPOSITION|SUPPORT|THEORY_EVIDENCE|SCORE|TRANSFORM|EQUIVALENCE|CONSEQUENCE|FRONTIER|FRONTIER_MEMBER|DOMAIN_WEIGHT|ALIGNMENT,incident,1,0,4,0.36,0.2,0,0,0,
compliance-waiver__controlled,in-domain,2,compliance,canonical-cnl,compliance-waiver__controlled_clean_p2_rich,RUN|SOURCE|SEGMENT|OBSERVER|BUDGET|CONTEXT|HYPOTHESIS|OBSERVATION|PROVENANCE|HYPOTHESIS_SUPPORT|HYPOTHESIS_CONFIDENCE|AMBIGUITY|THEORY|SCHEMA|MATCHED_STATE|RULE|INVARIANT|COMPOSITION|SUPPORT|THEORY_EVIDENCE|SCORE|TRANSFORM|EQUIVALENCE|CONSEQUENCE|FRONTIER|FRONTIER_MEMBER|DOMAIN_WEIGHT|ALIGNMENT,compliance,1,0,4,0.312,0.2,0,0,0,
compliance-waiver__controlled,in-domain,3,compliance,canonical-cnl,compliance-waiver__controlled_clean_p3_rich,RUN|SOURCE|SEGMENT|OBSERVER|BUDGET|CONTEXT|HYPOTHESIS|OBSERVATION|PROVENANCE|HYPOTHESIS_SUPPORT|HYPOTHESIS_CONFIDENCE|AMBIGUITY|THEORY|SCHEMA|MATCHED_STATE|RULE|INVARIANT|COMPOSITION|SUPPORT|THEORY_EVIDENCE|SCORE|TRANSFORM|EQUIVALENCE|CONSEQUENCE|FRONTIER|FRONTIER_MEMBER|DOMAIN_WEIGHT|ALIGNMENT,compliance,1,0,4,0.792,0.2,0,0,0,
compliance-waiver__controlled,in-domain,4,compliance,canonical-cnl,compliance-waiver__controlled_clean_p4_rich,RUN|SOURCE|SEGMENT|OBSERVER|BUDGET|CONTEXT|HYPOTHESIS|OBSERVATION|PROVENANCE|HYPOTHESIS_SUPPORT|HYPOTHESIS_CONFIDENCE|AMBIGUITY|THEORY|SCHEMA|MATCHED_STATE|RULE|INVARIANT|COMPOSITION|SUPPORT|THEORY_EVIDENCE|SCORE|TRANSFORM|EQUIVALENCE|CONSEQUENCE|FRONTIER|FRONTIER_MEMBER|DOMAIN_WEIGHT|ALIGNMENT,compliance,1,0,4,0.88,0.2,0,0,0,
compliance-waiver__paraphrased,in-domain,2,compliance,canonical-cnl,compliance-waiver__paraphrased_clean_p2_rich,RUN|SOURCE|SEGMENT|OBSERVER|BUDGET|CONTEXT|HYPOTHESIS|OBSERVATION|PROVENANCE|HYPOTHESIS_SUPPORT|HYPOTHESIS_CONFIDENCE|AMBIGUITY|THEORY|SCHEMA|MATCHED_STATE|RULE|INVARIANT|COMPOSITION|SUPPORT|THEORY_EVIDENCE|SCORE|TRANSFORM|EQUIVALENCE|CONSEQUENCE|FRONTIER|FRONTIER_MEMBER|DOMAIN_WEIGHT|ALIGNMENT,compliance,1,0,4,0.312,0.2,0,0,0,
compliance-waiver__paraphrased,in-domain,3,compliance,canonical-cnl,compliance-waiver__paraphrased_clean_p3_rich,RUN|SOURCE|SEGMENT|OBSERVER|BUDGET|CONTEXT|HYPOTHESIS|OBSERVATION|PROVENANCE|HYPOTHESIS_SUPPORT|HYPOTHESIS_CONFIDENCE|AMBIGUITY|THEORY|SCHEMA|MATCHED_STATE|RULE|INVARIANT|COMPOSITION|SUPPORT|THEORY_EVIDENCE|SCORE|TRANSFORM|EQUIVALENCE|CONSEQUENCE|FRONTIER|FRONTIER_MEMBER|DOMAIN_WEIGHT|QUESTION|QUESTION_CLASS|QUESTION_ANSWER|QUESTION_PARTITION|ALIGNMENT,compliance,0.82,0.681,5,0.18,0.4,1,0,1,compliance-exception
compliance-waiver__paraphrased,in-domain,4,compliance,canonical-cnl,compliance-waiver__paraphrased_clean_p4_rich,RUN|SOURCE|SEGMENT|OBSERVER|BUDGET|CONTEXT|HYPOTHESIS|OBSERVATION|PROVENANCE|HYPOTHESIS_SUPPORT|HYPOTHESIS_CONFIDENCE|AMBIGUITY|THEORY|SCHEMA|MATCHED_STATE|RULE|INVARIANT|COMPOSITION|SUPPORT|THEORY_EVIDENCE|SCORE|TRANSFORM|EQUIVALENCE|CONSEQUENCE|FRONTIER|FRONTIER_MEMBER|DOMAIN_WEIGHT|ALIGNMENT,compliance,1,0,4,0.64,0.2,0,0,0,
compliance-waiver__noisy,in-domain,2,compliance,canonical-cnl,compliance-waiver__noisy_clean_p2_rich,RUN|SOURCE|SEGMENT|OBSERVER|BUDGET|CONTEXT|HYPOTHESIS|OBSERVATION|PROVENANCE|HYPOTHESIS_SUPPORT|HYPOTHESIS_CONFIDENCE|AMBIGUITY|THEORY|SCHEMA|MATCHED_STATE|RULE|INVARIANT|COMPOSITION|SUPPORT|THEORY_EVIDENCE|SCORE|TRANSFORM|EQUIVALENCE|CONSEQUENCE|FRONTIER|FRONTIER_MEMBER|DOMAIN_WEIGHT|ALIGNMENT,compliance,1,0,4,0.312,0.2,0,0,0,
compliance-waiver__noisy,in-domain,3,compliance,canonical-cnl,compliance-waiver__noisy_clean_p3_rich,RUN|SOURCE|SEGMENT|OBSERVER|BUDGET|CONTEXT|HYPOTHESIS|OBSERVATION|PROVENANCE|HYPOTHESIS_SUPPORT|HYPOTHESIS_CONFIDENCE|AMBIGUITY|THEORY|SCHEMA|MATCHED_STATE|RULE|INVARIANT|COMPOSITION|SUPPORT|THEORY_EVIDENCE|SCORE|TRANSFORM|EQUIVALENCE|CONSEQUENCE|FRONTIER|FRONTIER_MEMBER|DOMAIN_WEIGHT|QUESTION|QUESTION_CLASS|QUESTION_ANSWER|QUESTION_PARTITION|ALIGNMENT,compliance,0.818,0.683,5,0.18,0.4,1,0,1,compliance-exception
compliance-waiver__noisy,in-domain,4,compliance,canonical-cnl,compliance-waiver__noisy_clean_p4_rich,RUN|SOURCE|SEGMENT|OBSERVER|BUDGET|CONTEXT|HYPOTHESIS|OBSERVATION|PROVENANCE|HYPOTHESIS_SUPPORT|HYPOTHESIS_CONFIDENCE|AMBIGUITY|THEORY|SCHEMA|MATCHED_STATE|RULE|INVARIANT|COMPOSITION|SUPPORT|THEORY_EVIDENCE|SCORE|TRANSFORM|EQUIVALENCE|CONSEQUENCE|FRONTIER|FRONTIER_MEMBER|DOMAIN_WEIGHT|ALIGNMENT,compliance,1,0,4,0.64,0.2,0,0,0,
compliance-archive__controlled,in-domain,2,compliance,canonical-cnl,compliance-archive__controlled_clean_p2_rich,RUN|SOURCE|SEGMENT|OBSERVER|BUDGET|CONTEXT|HYPOTHESIS|OBSERVATION|PROVENANCE|HYPOTHESIS_SUPPORT|HYPOTHESIS_CONFIDENCE|AMBIGUITY|THEORY|SCHEMA|MATCHED_STATE|RULE|INVARIANT|COMPOSITION|SUPPORT|THEORY_EVIDENCE|SCORE|TRANSFORM|EQUIVALENCE|CONSEQUENCE|FRONTIER|FRONTIER_MEMBER|DOMAIN_WEIGHT|ALIGNMENT,compliance,1,0,4,0.312,0.2,0,0,0,
compliance-archive__controlled,in-domain,3,compliance,canonical-cnl,compliance-archive__controlled_clean_p3_rich,RUN|SOURCE|SEGMENT|OBSERVER|BUDGET|CONTEXT|HYPOTHESIS|OBSERVATION|PROVENANCE|HYPOTHESIS_SUPPORT|HYPOTHESIS_CONFIDENCE|AMBIGUITY|THEORY|SCHEMA|MATCHED_STATE|RULE|INVARIANT|COMPOSITION|SUPPORT|THEORY_EVIDENCE|SCORE|TRANSFORM|EQUIVALENCE|CONSEQUENCE|FRONTIER|FRONTIER_MEMBER|DOMAIN_WEIGHT|ALIGNMENT,compliance,1,0,4,0.7,0.2,0,0,0,
compliance-archive__controlled,in-domain,4,compliance,canonical-cnl,compliance-archive__controlled_clean_p4_rich,RUN|SOURCE|SEGMENT|OBSERVER|BUDGET|CONTEXT|HYPOTHESIS|OBSERVATION|PROVENANCE|HYPOTHESIS_SUPPORT|HYPOTHESIS_CONFIDENCE|AMBIGUITY|THEORY|SCHEMA|MATCHED_STATE|RULE|INVARIANT|COMPOSITION|SUPPORT|THEORY_EVIDENCE|SCORE|TRANSFORM|EQUIVALENCE|CONSEQUENCE|FRONTIER|FRONTIER_MEMBER|DOMAIN_WEIGHT|ALIGNMENT,compliance,1,0,4,0.88,0.2,0,0,0,
compliance-archive__paraphrased,in-domain,2,compliance,canonical-cnl,compliance-archive__paraphrased_clean_p2_rich,RUN|SOURCE|SEGMENT|OBSERVER|BUDGET|CONTEXT|HYPOTHESIS|OBSERVATION|PROVENANCE|HYPOTHESIS_SUPPORT|HYPOTHESIS_CONFIDENCE|AMBIGUITY|THEORY|SCHEMA|RULE|INVARIANT|COMPOSITION|SUPPORT|SCORE|MATCHED_STATE|THEORY_EVIDENCE|TRANSFORM|EQUIVALENCE|CONSEQUENCE|FRONTIER|FRONTIER_MEMBER|DOMAIN_WEIGHT|ALIGNMENT,compliance,1,0,4,0.312,0.2,0,0,0,
compliance-archive__paraphrased,in-domain,3,compliance,canonical-cnl,compliance-archive__paraphrased_clean_p3_rich,RUN|SOURCE|SEGMENT|OBSERVER|BUDGET|CONTEXT|HYPOTHESIS|OBSERVATION|PROVENANCE|HYPOTHESIS_SUPPORT|HYPOTHESIS_CONFIDENCE|AMBIGUITY|THEORY|SCHEMA|RULE|INVARIANT|COMPOSITION|SUPPORT|SCORE|MATCHED_STATE|THEORY_EVIDENCE|TRANSFORM|EQUIVALENCE|CONSEQUENCE|FRONTIER|FRONTIER_MEMBER|DOMAIN_WEIGHT|ALIGNMENT,compliance,1,0,4,0.42,0.2,0,0,0,
compliance-archive__paraphrased,in-domain,4,compliance,canonical-cnl,compliance-archive__paraphrased_clean_p4_rich,RUN|SOURCE|SEGMENT|OBSERVER|BUDGET|CONTEXT|HYPOTHESIS|OBSERVATION|PROVENANCE|HYPOTHESIS_SUPPORT|HYPOTHESIS_CONFIDENCE|AMBIGUITY|THEORY|SCHEMA|RULE|INVARIANT|COMPOSITION|SUPPORT|THEORY_EVIDENCE|SCORE|MATCHED_STATE|TRANSFORM|EQUIVALENCE|CONSEQUENCE|FRONTIER|FRONTIER_MEMBER|DOMAIN_WEIGHT|ALIGNMENT,compliance,1,0,4,0.42,0.2,0,0,0,
compliance-archive__noisy,in-domain,2,compliance,canonical-cnl,compliance-archive__noisy_clean_p2_rich,RUN|SOURCE|SEGMENT|OBSERVER|BUDGET|CONTEXT|HYPOTHESIS|OBSERVATION|PROVENANCE|HYPOTHESIS_SUPPORT|HYPOTHESIS_CONFIDENCE|AMBIGUITY|THEORY|SCHEMA|RULE|INVARIANT|COMPOSITION|SUPPORT|THEORY_EVIDENCE|SCORE|MATCHED_STATE|TRANSFORM|EQUIVALENCE|CONSEQUENCE|FRONTIER|FRONTIER_MEMBER|DOMAIN_WEIGHT|ALIGNMENT,compliance,1,0,4,0.312,0.2,0,0,0,
compliance-archive__noisy,in-domain,3,compliance,canonical-cnl,compliance-archive__noisy_clean_p3_rich,RUN|SOURCE|SEGMENT|OBSERVER|BUDGET|CONTEXT|HYPOTHESIS|OBSERVATION|PROVENANCE|HYPOTHESIS_SUPPORT|HYPOTHESIS_CONFIDENCE|AMBIGUITY|THEORY|SCHEMA|RULE|INVARIANT|COMPOSITION|SUPPORT|THEORY_EVIDENCE|SCORE|MATCHED_STATE|TRANSFORM|EQUIVALENCE|CONSEQUENCE|FRONTIER|FRONTIER_MEMBER|DOMAIN_WEIGHT|ALIGNMENT,compliance,1,0,4,0.42,0.2,0,0,0,
compliance-archive__noisy,in-domain,4,compliance,canonical-cnl,compliance-archive__noisy_clean_p4_rich,RUN|SOURCE|SEGMENT|OBSERVER|BUDGET|CONTEXT|HYPOTHESIS|OBSERVATION|PROVENANCE|HYPOTHESIS_SUPPORT|HYPOTHESIS_CONFIDENCE|AMBIGUITY|THEORY|SCHEMA|RULE|INVARIANT|COMPOSITION|SUPPORT|THEORY_EVIDENCE|SCORE|MATCHED_STATE|TRANSFORM|EQUIVALENCE|CONSEQUENCE|FRONTIER|FRONTIER_MEMBER|DOMAIN_WEIGHT|ALIGNMENT,compliance,1,0,4,0.42,0.2,0,0,0,